test_type	dataset	group	exposure_var	outcome_var	exposure_focus	outcome_focus	n_total	a_exposed_outcome	b_exposed_no_outcome	c_unexp_outcome	d_unexp_no_outcome	odds_ratio	conf_low	conf_high	log_or_ln	log_conf_low_ln	log_conf_high_ln	log_or_log10	log_conf_low_log10	log_conf_high_log10	p_value	method	subset	exposure_set	p_adj	significant	odds_ratio_plot
fisher_odds_ratio	NA	A	residue_structural_group_predicted	mutation_category_FDR_lethal_1aa	Core	Detrimental,Lethal	7191	2007	352	2623	2209	4.800764510283346	4.225477653229624	5.464627065071652	1.5687751782069486	1.4411323084378591	1.6982958786909759	0.6813104032420683	0.6258758092470573	0.7375605287545252	5.180045417754999e-157	Fisher's Exact Test for Count Data	single_orf	residue_structural_group_predicted	7.122562449413159e-156	TRUE	4.800764510283346
fisher_odds_ratio	NA	A	residue_structural_group_predicted	mutation_category_FDR_lethal_1aa	Interface	Detrimental,Lethal	7191	1318	608	3312	1953	1.2782281565595799	1.1422516258703868	1.4312758318181547	0.24547486628087897	0.13300142485299662	0.3585662365894402	0.10660837987172435	0.05776178489892645	0.15572333794760976	1.4272521951312454e-5	Fisher's Exact Test for Count Data	single_orf	residue_structural_group_predicted	2.803531097579232e-5	TRUE	1.2782281565595799
fisher_odds_ratio	NA	A	residue_structural_group_predicted	mutation_category_FDR_lethal_1aa	Non-interface surface	Detrimental,Lethal	7191	1305	1601	3325	960	0.23539418137621926	0.21212886934624542	0.26109358018454926	-1.4464938024894118	-1.550561314716111	-1.3428763911528712	-0.6282042765284037	-0.6734002228338585	-0.5832038065558447	2.226213156964086e-177	Fisher's Exact Test for Count Data	single_orf	residue_structural_group_predicted	1.2244172363302473e-175	TRUE	0.23539418137621926
fisher_odds_ratio	NA	B	residue_structural_group_predicted	mutation_category_FDR_lethal_1aa	Core	Detrimental,Lethal	229	10	10	63	146	2.3081060753021214	0.8174100247656547	6.524871943673033	0.8364273074260067	-0.2016144437166747	1.8756213275254519	0.3632557641283095	-0.08756004037814556	0.8145719926843554	0.08100068880583307	Fisher's Exact Test for Count Data	single_orf	residue_structural_group_predicted	0.11137594710802047	FALSE	2.3081060753021214
fisher_odds_ratio	NA	B	residue_structural_group_predicted	mutation_category_FDR_lethal_1aa	Interface	Detrimental,Lethal	229	24	17	49	139	3.9763479976163945	1.8736097060524373	8.619789666297047	1.3803638095156845	0.6278668942772513	2.154060683716305	0.5994843854916132	0.27267912755434265	0.9354966686227372	1.4755623321395557e-4	Fisher's Exact Test for Count Data	single_orf	residue_structural_group_predicted	2.7051976089225186e-4	TRUE	3.9763479976163945
fisher_odds_ratio	NA	B	residue_structural_group_predicted	mutation_category_FDR_lethal_1aa	Non-interface surface	Detrimental,Lethal	229	25	49	48	107	1.1366798701376761	0.5998993428763104	2.1286541778464647	0.12811161851675085	-0.5109933997124037	0.7554899386388066	0.05563816898951935	-0.22192161378407962	0.3281051114842601	0.761879384012942	Fisher's Exact Test for Count Data	single_orf	residue_structural_group_predicted	0.8090424892231859	FALSE	1.1366798701376761
fisher_odds_ratio	NA	B	residue_structural_group_predicted	mutation_category_FDR_lethal_1aa	Unknown structure	Detrimental,Lethal	229	14	80	59	76	0.22686689172037375	0.10768423686615218	0.4525402665613018	-1.4833918135752333	-2.228552067034449	-0.7928785329254483	-0.6442288791361811	-0.9678478653471472	-0.34434277166906796	3.2156842683312963e-6	Fisher's Exact Test for Count Data	single_orf	residue_structural_group_predicted	6.8024090291623575e-6	TRUE	0.22686689172037375
fisher_odds_ratio	NA	C	residue_structural_group_predicted	mutation_category_FDR_lethal_1aa	Interface	Detrimental,Lethal	1113	458	219	258	178	1.4423246738706246	1.114670973756382	1.8664324309310263	0.3662561687692045	0.10855927056277317	0.6240288177694823	0.15906303305949163	0.04714669216485451	0.271012272105896	0.00476673391369396	Fisher's Exact Test for Count Data	single_orf	residue_structural_group_predicted	0.007710893095681411	TRUE	1.4423246738706246
fisher_odds_ratio	NA	C	residue_structural_group_predicted	mutation_category_FDR_lethal_1aa	Unknown structure	Detrimental,Lethal	1113	258	178	458	219	0.6933251702034612	0.5357815174167188	0.8971257200948304	-0.3662561687692021	-0.6240288177694818	-0.10855927056277317	-0.15906303305949057	-0.27101227210589585	-0.04714669216485451	0.004766733913693963	Fisher's Exact Test for Count Data	single_orf	residue_structural_group_predicted	0.007710893095681411	TRUE	0.6933251702034612
fisher_odds_ratio	NA	D	residue_structural_group_predicted	mutation_category_FDR_lethal_1aa	Core	Detrimental,Lethal	1292	262	4	893	133	9.746096944688052	3.664053222277253	36.62450970294295	2.2768668914976424	1.2985699724370778	3.6007176802972625	0.9888307270056362	0.5639617733946807	1.5637718194445782	4.86308606135896e-10	Fisher's Exact Test for Count Data	single_orf	residue_structural_group_predicted	1.2736653970225849e-9	TRUE	9.746096944688052
fisher_odds_ratio	NA	D	residue_structural_group_predicted	mutation_category_FDR_lethal_1aa	Interface	Detrimental,Lethal	1292	673	76	482	61	1.1205853691264736	0.7703474060591744	1.624850557133358	0.11385119977831738	-0.2609136891837849	0.4854158467116651	0.04944494782178797	-0.11331337546553794	0.2108134236552709	0.5829925980870212	Fisher's Exact Test for Count Data	single_orf	residue_structural_group_predicted	0.6935563128282825	FALSE	1.1205853691264736
fisher_odds_ratio	NA	D	residue_structural_group_predicted	mutation_category_FDR_lethal_1aa	Non-interface surface	Detrimental,Lethal	1292	196	34	959	103	0.619408950434569	0.40290380394888825	0.9706170104890892	-0.47898956137861426	-0.9090574454074937	-0.02982331641857306	-0.20802252339599112	-0.39479863227354106	-0.012952101752640931	0.032702933695109196	Fisher's Exact Test for Count Data	single_orf	residue_structural_group_predicted	0.04861246900624339	TRUE	0.619408950434569
fisher_odds_ratio	NA	D	residue_structural_group_predicted	mutation_category_FDR_lethal_1aa	Unknown structure	Detrimental,Lethal	1292	24	23	1131	114	0.10554152874313902	0.05507694660643553	0.20249001755865628	-2.248650766145157	-2.8990240422713014	-1.597064689657267	-0.9765766194643613	-1.2590301444632856	-0.6935963819606804	1.2125221796616535e-11	Fisher's Exact Test for Count Data	single_orf	residue_structural_group_predicted	3.334435994069547e-11	TRUE	0.10554152874313902
fisher_odds_ratio	NA	E	residue_structural_group_predicted	mutation_category_FDR_lethal_1aa	Interface	Detrimental,Lethal	179	35	60	12	72	3.475729241422258	1.59292048917387	8.037749549242738	1.245804310647252	0.46556911704812903	2.0841491371990473	0.5410459376453861	0.2021940984785716	0.9051344697489696	6.494751431273438e-4	Fisher's Exact Test for Count Data	single_orf	residue_structural_group_predicted	0.0011522946087743197	TRUE	3.475729241422258
fisher_odds_ratio	NA	E	residue_structural_group_predicted	mutation_category_FDR_lethal_1aa	Non-interface surface	Detrimental,Lethal	179	9	16	38	116	1.7113969611433912	0.6137186606583399	4.521795229061629	0.537309973344866	-0.4882186632409229	1.508909089562355	0.2333507564952586	-0.21203067140771478	0.6553108912905904	0.23102649266273784	Fisher's Exact Test for Count Data	single_orf	residue_structural_group_predicted	0.3025346927726329	FALSE	1.7113969611433912
fisher_odds_ratio	NA	E	residue_structural_group_predicted	mutation_category_FDR_lethal_1aa	Unknown structure	Detrimental,Lethal	179	3	56	44	76	0.09348825927925389	0.017677230964748304	0.31506667723256254	-2.3699194197778093	-4.035477853679709	-1.1549709888020654	-1.0292429265648588	-1.7525857636958762	-0.5015975271950794	1.5721945118616316e-6	Fisher's Exact Test for Count Data	single_orf	residue_structural_group_predicted	3.6029457563495724e-6	TRUE	0.09348825927925389
fisher_odds_ratio	NA	F	residue_structural_group_predicted	mutation_category_FDR_lethal_1aa	Core	Detrimental,Lethal	8103	2048	96	5174	785	3.2363243747823995	2.5981904229338886	4.0680945939688025	1.1744382335985675	0.954815211533863	1.4031747311039668	0.5100520441880602	0.41467097760644284	0.6093910428645319	4.58625118696869e-33	Fisher's Exact Test for Count Data	single_orf	residue_structural_group_predicted	2.102031794027316e-32	TRUE	3.2363243747823995
fisher_odds_ratio	NA	F	residue_structural_group_predicted	mutation_category_FDR_lethal_1aa	Interface	Detrimental,Lethal	8103	4342	576	2880	305	0.7983380283545011	0.6870777764184214	0.9263149942074297	-0.22522317679392173	-0.37530778149609856	-0.07654093564877312	-0.09781318287832072	-0.16299409851910696	-0.03324130599197406	0.002721576209652493	Fisher's Exact Test for Count Data	single_orf	residue_structural_group_predicted	0.004677709110340223	TRUE	0.7983380283545011
fisher_odds_ratio	NA	F	residue_structural_group_predicted	mutation_category_FDR_lethal_1aa	Non-interface surface	Detrimental,Lethal	8103	814	208	6408	673	0.41108305092244957	0.3453610295909444	0.49058536703283223	-0.8889600145284464	-1.0631649465286095	-0.7121559742784136	-0.38607042894233884	-0.46172666963034087	-0.3092854098835492	9.901328432663762e-22	Fisher's Exact Test for Count Data	single_orf	residue_structural_group_predicted	3.4035816487281685e-21	TRUE	0.41108305092244957
fisher_odds_ratio	NA	F	residue_structural_group_predicted	mutation_category_FDR_lethal_1aa	Unknown structure	Detrimental,Lethal	8103	18	1	7204	880	2.1986223903719644	0.3463008907133071	91.6878547122132	0.7878309780332505	-1.0604472554912843	4.518389924604246	0.3421506464322827	-0.46054639140931264	1.962311811342874	0.7140115970538072	Fisher's Exact Test for Count Data	single_orf	residue_structural_group_predicted	0.785412756759188	FALSE	2.1986223903719644
fisher_odds_ratio	NA	G	residue_structural_group_predicted	mutation_category_FDR_lethal_1aa	Core	Detrimental,Lethal	3270	731	263	1246	1030	2.2970733204202634	1.9460227572687772	2.7163758450555706	0.831635843276004	0.6657876780781566	0.9992985819545152	0.3611748576877261	0.289147914708522	0.4339898599165904	1.3224790203709594e-24	Fisher's Exact Test for Count Data	single_orf	residue_structural_group_predicted	4.8490897413601855e-24	TRUE	2.2970733204202634
fisher_odds_ratio	NA	G	residue_structural_group_predicted	mutation_category_FDR_lethal_1aa	Interface	Detrimental,Lethal	3270	1080	505	897	788	1.8783949339210892	1.6249845646622885	2.1723854649317182	0.6304176536298438	0.48549831706722724	0.7758258563679715	0.2737869082658367	0.21084924007561212	0.33693688833847485	2.9270953613599788e-18	Fisher's Exact Test for Count Data	single_orf	residue_structural_group_predicted	9.470014404399931e-18	TRUE	1.8783949339210892
fisher_odds_ratio	NA	G	residue_structural_group_predicted	mutation_category_FDR_lethal_1aa	Non-interface surface	Detrimental,Lethal	3270	166	525	1811	768	0.13418152248126716	0.10978903907183578	0.16338113697965687	-2.0085617503529116	-2.2091945811935476	-1.811669543981006	-0.8723072847402065	-0.9594410160629231	-0.7867980859831315	1.9872275172340885e-107	Fisher's Exact Test for Count Data	single_orf	residue_structural_group_predicted	2.1859502689574973e-106	TRUE	0.13418152248126716
fisher_odds_ratio	NA	H	residue_structural_group_predicted	mutation_category_FDR_lethal_1aa	Interface	Detrimental,Lethal	6174	1199	1009	2370	1596	0.8002633815365608	0.7194262287185085	0.8902148052062423	-0.22281437857679928	-0.3293012892268943	-0.11629249121286507	-0.09676705510460605	-0.14301373279486693	-0.0505051872205297	3.4596454111849265e-5	Fisher's Exact Test for Count Data	single_orf	residue_structural_group_predicted	6.561396469488654e-5	TRUE	0.8002633815365608
fisher_odds_ratio	NA	H	residue_structural_group_predicted	mutation_category_FDR_lethal_1aa	Non-interface surface	Detrimental,Lethal	6174	126	101	3443	2504	0.9073060701255308	0.6890778905485672	1.1970451375387274	-0.09727543251092356	-0.3724009656663208	0.17985613475269963	-0.04224618356424629	-0.16173168444432545	0.07811052685954513	0.4938073447068351	Fisher's Exact Test for Count Data	single_orf	residue_structural_group_predicted	0.603542310197243	FALSE	0.9073060701255308
fisher_odds_ratio	NA	H	residue_structural_group_predicted	mutation_category_FDR_lethal_1aa	Unknown structure	Detrimental,Lethal	6174	2244	1495	1325	1110	1.2573831769997688	1.1326003799327744	1.3959274587852077	0.2290327176819729	0.12451621014936934	0.33355903936911363	0.09946764546458617	0.054076702975376784	0.1448628501869556	1.3612606296205283e-5	Fisher's Exact Test for Count Data	single_orf	residue_structural_group_predicted	2.7729383195973726e-5	TRUE	1.2573831769997688
fisher_odds_ratio	NA	J	residue_structural_group_predicted	mutation_category_FDR_lethal_1aa	Interface	Detrimental,Lethal	713	349	126	170	68	1.10777288304327	0.7691122708633575	1.5882850910655102	0.10235158811115912	-0.2625183242117193	0.46265487509043784	0.04445072993071088	-0.1140102596036385	0.2009284592774154	0.5926753945987141	Fisher's Exact Test for Count Data	single_orf	residue_structural_group_predicted	0.6935563128282825	FALSE	1.10777288304327
fisher_odds_ratio	NA	J	residue_structural_group_predicted	mutation_category_FDR_lethal_1aa	Non-interface surface	Detrimental,Lethal	713	161	48	358	146	1.3673148837583795	0.9276756052521616	2.0377538631530503	0.3128488777840592	-0.07507317061329115	0.711848153784057	0.13586854129124173	-0.03260386373633371	0.30915172514143335	0.11600423329859008	Fisher's Exact Test for Count Data	single_orf	residue_structural_group_predicted	0.1556154349127428	FALSE	1.3673148837583795
fisher_odds_ratio	NA	J	residue_structural_group_predicted	mutation_category_FDR_lethal_1aa	Unknown structure	Detrimental,Lethal	713	9	20	510	174	0.15402119942109152	0.06057475959772039	0.3617693003629511	-1.8706650274640642	-2.8038769809589805	-1.0167485621281651	-0.8124194989170381	-1.2177083007660343	-0.4415682900153277	1.9964459702990396e-6	Fisher's Exact Test for Count Data	single_orf	residue_structural_group_predicted	4.3921811346578875e-6	TRUE	0.15402119942109152
fisher_odds_ratio	NA	A	monomer_structural_class_predicted	mutation_category_FDR_lethal_1aa	Core	Detrimental,Lethal	7191	2007	352	2623	2209	4.800764510283346	4.225477653229624	5.464627065071652	1.5687751782069486	1.4411323084378591	1.6982958786909759	0.6813104032420683	0.6258758092470573	0.7375605287545252	5.180045417754999e-157	Fisher's Exact Test for Count Data	single_orf	monomer_structural_class_predicted	7.122562449413159e-156	TRUE	4.800764510283346
fisher_odds_ratio	NA	A	monomer_structural_class_predicted	mutation_category_FDR_lethal_1aa	Surface	Detrimental,Lethal	7191	2623	2209	2007	352	0.2083001567475298	0.18299510434878874	0.23665963520968467	-1.5687751782069494	-1.6982958786909736	-1.4411323084378618	-0.6813104032420687	-0.7375605287545243	-0.6258758092470585	5.180045417755025e-157	Fisher's Exact Test for Count Data	single_orf	monomer_structural_class_predicted	7.122562449413159e-156	TRUE	0.2083001567475298
fisher_odds_ratio	NA	B	monomer_structural_class_predicted	mutation_category_FDR_lethal_1aa	Core	Detrimental,Lethal	135	10	10	49	66	1.343918037720615	0.46204911699970125	3.912594258719509	0.2955892564025398	-0.772084079699148	1.364200647261569	0.12837278296550847	-0.3353118553786905	0.5924648133145439	0.6276909665231932	Fisher's Exact Test for Count Data	single_orf	monomer_structural_class_predicted	0.7045510848729719	FALSE	1.343918037720615
fisher_odds_ratio	NA	B	monomer_structural_class_predicted	mutation_category_FDR_lethal_1aa	Surface	Detrimental,Lethal	135	49	66	10	10	0.7440929966950022	0.255584896842146	2.164272072401009	-0.2955892564025404	-1.3642006472615706	0.7720840796991478	-0.12837278296550875	-0.5924648133145446	0.3353118553786904	0.6276909665231932	Fisher's Exact Test for Count Data	single_orf	monomer_structural_class_predicted	0.7045510848729719	FALSE	0.7440929966950022
fisher_odds_ratio	NA	D	monomer_structural_class_predicted	mutation_category_FDR_lethal_1aa	Core	Detrimental,Lethal	1245	262	4	869	110	8.283321308322515	3.099060920498251	31.237668002470816	2.114244012161907	1.1310991367273497	3.4416246743769663	0.9182045078789077	0.49123011356621976	1.4946786048639924	2.9076126090563958e-8	Fisher's Exact Test for Count Data	single_orf	monomer_structural_class_predicted	6.952986673830516e-8	TRUE	8.283321308322515
fisher_odds_ratio	NA	D	monomer_structural_class_predicted	mutation_category_FDR_lethal_1aa	Surface	Detrimental,Lethal	1245	869	110	262	4	0.12072452133364261	0.032012632950733935	0.3226783937629808	-2.1142440121619086	-3.441624674376982	-1.1310991367273493	-0.9182045078789086	-1.4946786048639993	-0.4912301135662196	2.9076126090563977e-8	Fisher's Exact Test for Count Data	single_orf	monomer_structural_class_predicted	6.952986673830516e-8	TRUE	0.12072452133364261
fisher_odds_ratio	NA	F	monomer_structural_class_predicted	mutation_category_FDR_lethal_1aa	Core	Detrimental,Lethal	8084	2048	96	5156	784	3.243483837391469	2.6036063171169364	4.077109805547754	1.1766480105820873	0.9568975290140184	1.4053883564025047	0.5110117381382395	0.41557531659764496	0.6103524081166883	4.242747202134875e-33	Fisher's Exact Test for Count Data	single_orf	monomer_structural_class_predicted	2.102031794027316e-32	TRUE	3.243483837391469
fisher_odds_ratio	NA	F	monomer_structural_class_predicted	mutation_category_FDR_lethal_1aa	Surface	Detrimental,Lethal	8084	5156	784	2048	96	0.3083104618780038	0.24527178508640993	0.384082644686212	-1.1766480105820833	-1.4053883564025014	-0.956897529014017	-0.5110117381382379	-0.610352408116687	-0.4155753165976444	4.242747202134887e-33	Fisher's Exact Test for Count Data	single_orf	monomer_structural_class_predicted	2.102031794027316e-32	TRUE	0.3083104618780038
fisher_odds_ratio	NA	G	monomer_structural_class_predicted	mutation_category_FDR_lethal_1aa	Core	Detrimental,Lethal	3270	731	263	1246	1030	2.2970733204202634	1.9460227572687772	2.7163758450555706	0.831635843276004	0.6657876780781566	0.9992985819545152	0.3611748576877261	0.289147914708522	0.4339898599165904	1.3224790203709594e-24	Fisher's Exact Test for Count Data	single_orf	monomer_structural_class_predicted	4.8490897413601855e-24	TRUE	2.2970733204202634
fisher_odds_ratio	NA	G	monomer_structural_class_predicted	mutation_category_FDR_lethal_1aa	Surface	Detrimental,Lethal	3270	1246	1030	731	263	0.4353365611407851	0.3681375689672071	0.5138686052179009	-0.8316358432760018	-0.9992985819545145	-0.6657876780781564	-0.3611748576877251	-0.4339898599165901	-0.28914791470852197	1.3224790203709598e-24	Fisher's Exact Test for Count Data	single_orf	monomer_structural_class_predicted	4.8490897413601855e-24	TRUE	0.4353365611407851
fisher_odds_ratio	NA	A	residue_surface_class_predicted	mutation_category_FDR_lethal_1aa	Interface	Detrimental,Lethal	4832	1318	608	1305	1601	2.6589045382667016	2.3529625459087313	3.0064969724905923	0.9779142102499979	0.8556751920276898	1.100775604508984	0.42470274528635055	0.37161501419913107	0.4780607708519681	6.016929663965292e-59	Fisher's Exact Test for Count Data	single_orf	residue_surface_class_predicted	3.67701257242329e-58	TRUE	2.6589045382667016
fisher_odds_ratio	NA	A	residue_surface_class_predicted	mutation_category_FDR_lethal_1aa	Non-interface surface	Detrimental,Lethal	4832	1305	1601	1318	608	0.37609473586136405	0.33261300748012934	0.42499614018028953	-0.9779142102500007	-1.1007756045089845	-0.8556751920276917	-0.4247027452863517	-0.47806077085196824	-0.3716150141991319	6.0169296639653835e-59	Fisher's Exact Test for Count Data	single_orf	residue_surface_class_predicted	3.67701257242329e-58	TRUE	0.37609473586136405
fisher_odds_ratio	NA	B	residue_surface_class_predicted	mutation_category_FDR_lethal_1aa	Interface	Detrimental,Lethal	115	24	17	25	49	2.7412914854034507	1.173925000728452	6.553744624295722	1.0084291543895556	0.16035283582902285	1.8800365846556666	0.4379552171417464	0.06964035175808267	0.8164895144921918	0.011521424569760026	Fisher's Exact Test for Count Data	single_orf	residue_surface_class_predicted	0.017602176426022274	TRUE	2.7412914854034507
fisher_odds_ratio	NA	B	residue_surface_class_predicted	mutation_category_FDR_lethal_1aa	Non-interface surface	Detrimental,Lethal	115	25	49	24	17	0.3647915609575627	0.15258452340252143	0.8518431751427674	-1.0084291543895552	-1.880036584655667	-0.16035283582902268	-0.4379552171417462	-0.816489514492192	-0.0696403517580826	0.011521424569760035	Fisher's Exact Test for Count Data	single_orf	residue_surface_class_predicted	0.017602176426022274	TRUE	0.3647915609575627
fisher_odds_ratio	NA	D	residue_surface_class_predicted	mutation_category_FDR_lethal_1aa	Interface	Detrimental,Lethal	979	673	76	196	34	1.5353844864930368	0.96250543077677575	2.410591751345838	0.42878082947435675	-0.03821557047063455	0.8798722573400831	0.18621714818661234	-0.01659681137818144	0.3821236661425561	0.056432334918950465	Fisher's Exact Test for Count Data	single_orf	residue_surface_class_predicted	0.07958406206518656	FALSE	1.5353844864930368
fisher_odds_ratio	NA	D	residue_surface_class_predicted	mutation_category_FDR_lethal_1aa	Non-interface surface	Detrimental,Lethal	979	196	34	673	76	0.6513026598856	0.41483590053840447	1.0389551767962129	-0.4287808294743558	-0.8798722573400828	0.03821557047063461	-0.18621714818661192	-0.38212366614255594	0.01659681137818147	0.056432334918950465	Fisher's Exact Test for Count Data	single_orf	residue_surface_class_predicted	0.07958406206518656	FALSE	0.6513026598856
fisher_odds_ratio	NA	E	residue_surface_class_predicted	mutation_category_FDR_lethal_1aa	Interface	Detrimental,Lethal	120	35	60	9	16	1.0367287899550943	0.3824181847080254	2.961183866294186	0.03607036172924067	-0.9612405447827675	1.0855891432044729	0.015665159059263457	-0.4174614643808316	0.4714653745077816	0.9999999999999999	Fisher's Exact Test for Count Data	single_orf	residue_surface_class_predicted	1	FALSE	1.0367287899550943
fisher_odds_ratio	NA	E	residue_surface_class_predicted	mutation_category_FDR_lethal_1aa	Non-interface surface	Detrimental,Lethal	120	9	16	35	60	0.9645724221117787	0.33770277198337656	2.6149384103255877	-0.03607036172924183	-1.085589143204474	0.9612405447827685	-0.015665159059263963	-0.4714653745077821	0.417461464380832	1.0000000000000004	Fisher's Exact Test for Count Data	single_orf	residue_surface_class_predicted	1	FALSE	0.9645724221117787
fisher_odds_ratio	NA	F	residue_surface_class_predicted	mutation_category_FDR_lethal_1aa	Interface	Detrimental,Lethal	5940	4342	576	814	208	1.9260193738577016	1.6078384341529768	2.3014973987527054	0.6554553724414895	0.47489068943567136	0.8335599540345487	0.28466065138517965	0.20624240592914297	0.36201048837273275	1.6283307108993471e-12	Fisher's Exact Test for Count Data	single_orf	residue_surface_class_predicted	4.713588899971795e-12	TRUE	1.9260193738577016
fisher_odds_ratio	NA	F	residue_surface_class_predicted	mutation_category_FDR_lethal_1aa	Non-interface surface	Detrimental,Lethal	5940	814	208	4342	576	0.5192055768354271	0.43449973071529385	0.6219530387870154	-0.6554553724414934	-0.833559954034549	-0.474890689435671	-0.2846606513851814	-0.36201048837273286	-0.20624240592914278	1.6283307108993425e-12	Fisher's Exact Test for Count Data	single_orf	residue_surface_class_predicted	4.713588899971795e-12	TRUE	0.5192055768354271
fisher_odds_ratio	NA	G	residue_surface_class_predicted	mutation_category_FDR_lethal_1aa	Interface	Detrimental,Lethal	2276	1080	505	166	525	6.757348721518295	5.490065469500504	8.345625318898103	1.910630612165129	1.7029401806781128	2.121737487667501	0.8297763318187475	0.7395775234798311	0.9214588829412645	2.185800701170453e-86	Fisher's Exact Test for Count Data	single_orf	residue_surface_class_predicted	1.7174148366339288e-85	TRUE	6.757348721518295
fisher_odds_ratio	NA	G	residue_surface_class_predicted	mutation_category_FDR_lethal_1aa	Non-interface surface	Detrimental,Lethal	2276	166	525	1080	505	0.14798703473975924	0.11982325611186583	0.1821471903304976	-1.9106306121651333	-2.121737487667502	-1.702940180678112	-0.8297763318187494	-0.9214588829412649	-0.7395775234798306	2.1858007011704548e-86	Fisher's Exact Test for Count Data	single_orf	residue_surface_class_predicted	1.7174148366339288e-85	TRUE	0.14798703473975924
fisher_odds_ratio	NA	H	residue_surface_class_predicted	mutation_category_FDR_lethal_1aa	Interface	Detrimental,Lethal	2435	1199	1009	126	101	0.9525370144031927	0.7158912001195636	1.2650196719420526	-0.04862631247050247	-0.3342270787081177	0.23508767300090294	-0.0211181391812425	-0.14515297598557936	0.10209727914776823	0.7796227623423418	Fisher's Exact Test for Count Data	single_orf	residue_surface_class_predicted	0.8090424892231859	FALSE	0.9525370144031927
fisher_odds_ratio	NA	H	residue_surface_class_predicted	mutation_category_FDR_lethal_1aa	Non-interface surface	Detrimental,Lethal	2435	126	101	1199	1009	1.0498279698102495	0.7905015409482167	1.3968603047962957	0.04862631247052267	-0.23508767300090286	0.33422707870811735	0.021118139181251275	-0.10209727914776819	0.1451529759855792	0.7796227623423427	Fisher's Exact Test for Count Data	single_orf	residue_surface_class_predicted	0.8090424892231859	FALSE	1.0498279698102495
fisher_odds_ratio	NA	J	residue_surface_class_predicted	mutation_category_FDR_lethal_1aa	Interface	Detrimental,Lethal	684	349	126	161	48	0.8260185438143907	0.5509119763477239	1.2258479102186024	-0.1911380555746721	-0.5961802351359852	0.2036327761634287	-0.08301020281779717	-0.25891778633934154	0.08843659102241712	0.34197052643363335	Fisher's Exact Test for Count Data	single_orf	residue_surface_class_predicted	0.42746315804204177	FALSE	0.8260185438143907
fisher_odds_ratio	NA	J	residue_surface_class_predicted	mutation_category_FDR_lethal_1aa	Non-interface surface	Detrimental,Lethal	684	161	48	349	126	1.2106265742923872	0.8157618833984652	1.8151720110161873	0.19113805557467398	-0.2036327761634289	0.5961802351359855	0.08301020281779799	-0.0884365910224172	0.25891778633934165	0.3419705264336334	Fisher's Exact Test for Count Data	single_orf	residue_surface_class_predicted	0.42746315804204177	FALSE	1.2106265742923872
