residue_region	wt_hydro_property	mutation_category_FDR_lethal_1aa	count	proportion	percent
C-terminal	hydrophilic	Beneficial	20	0.03861003861003861	3.86
C-terminal	hydrophilic	Neutral	232	0.44787644787644787	44.79
C-terminal	hydrophilic	Detrimental	126	0.24324324324324326	24.32
C-terminal	hydrophilic	Lethal	140	0.2702702702702703	27.03
C-terminal	hydrophobic	Beneficial	9	0.017408123791102514	1.74
C-terminal	hydrophobic	Neutral	164	0.31721470019342357	31.72
C-terminal	hydrophobic	Detrimental	124	0.23984526112185686	23.98
C-terminal	hydrophobic	Lethal	220	0.425531914893617	42.55
Coiled-coil	hydrophilic	Beneficial	38	0.024516129032258065	2.45
Coiled-coil	hydrophilic	Neutral	779	0.5025806451612903	50.26
Coiled-coil	hydrophilic	Detrimental	505	0.3258064516129032	32.58
Coiled-coil	hydrophilic	Lethal	228	0.14709677419354839	14.71
Coiled-coil	hydrophobic	Beneficial	13	0.014689265536723164	1.47
Coiled-coil	hydrophobic	Neutral	280	0.3163841807909605	31.64
Coiled-coil	hydrophobic	Detrimental	316	0.35706214689265536	35.71
Coiled-coil	hydrophobic	Lethal	276	0.31186440677966104	31.19
N-terminal	hydrophilic	Beneficial	27	0.028008298755186723	2.8
N-terminal	hydrophilic	Neutral	457	0.47406639004149376	47.41
N-terminal	hydrophilic	Detrimental	309	0.32053941908713696	32.05
N-terminal	hydrophilic	Lethal	171	0.17738589211618258	17.74
N-terminal	hydrophobic	Beneficial	27	0.015517241379310345	1.55
N-terminal	hydrophobic	Neutral	559	0.32126436781609197	32.13
N-terminal	hydrophobic	Detrimental	597	0.3431034482758621	34.31
N-terminal	hydrophobic	Lethal	557	0.3201149425287356	32.01
