aa_mut_gene	aa_mut_pos	interaction_partner	n_interaction_partners	total_atomic_contacts	n_models_detected	model_names	binder_complexes	is_interface_residue
A	9	C	1	8	1	gpa_ssDNA_30nt_2rep_gpc_seed8_model_3	A-ssDNA-2rep_gpc	TRUE
A	11	C	1	4	1	gpa_ssDNA_30nt_2rep_gpc_seed8_model_3	A-ssDNA-2rep_gpc	TRUE
A	15	C	1	11	1	gpa_ssDNA_30nt_2rep_gpc_seed8_model_3	A-ssDNA-2rep_gpc	TRUE
A	19	C	1	38	1	gpa_ssDNA_30nt_2rep_gpc_seed8_model_3	A-ssDNA-2rep_gpc	TRUE
A	20	C	1	12	1	gpa_ssDNA_30nt_2rep_gpc_seed8_model_3	A-ssDNA-2rep_gpc	TRUE
A	22	C	1	19	1	gpa_ssDNA_30nt_2rep_gpc_seed8_model_3	A-ssDNA-2rep_gpc	TRUE
A	23	C	1	20	1	gpa_ssDNA_30nt_2rep_gpc_seed8_model_3	A-ssDNA-2rep_gpc	TRUE
A	25	C	1	5	1	gpa_ssDNA_30nt_2rep_gpc_seed8_model_3	A-ssDNA-2rep_gpc	TRUE
A	26	C	1	14	1	gpa_ssDNA_30nt_2rep_gpc_seed8_model_3	A-ssDNA-2rep_gpc	TRUE
A	27	C	1	13	1	gpa_ssDNA_30nt_2rep_gpc_seed8_model_3	A-ssDNA-2rep_gpc	TRUE
A	28	DNA	1	7	2	gpa_dsDNA_30nt_seed2_model_0,gpa_ssDNA_30nt_seed5_model_0	A-dsDNA,A-ssDNA	TRUE
A	29	C	1	5	1	gpa_ssDNA_30nt_2rep_gpc_seed8_model_3	A-ssDNA-2rep_gpc	TRUE
A	30	C	1	1	1	gpa_ssDNA_30nt_2rep_gpc_seed8_model_3	A-ssDNA-2rep_gpc	TRUE
A	31	DNA	1	15	2	gpa_dsDNA_30nt_seed2_model_0,gpa_ssDNA_30nt_seed5_model_0	A-dsDNA,A-ssDNA	TRUE
A	32	C,DNA	2	69	3	gpa_dsDNA_30nt_seed2_model_0,gpa_ssDNA_30nt_2rep_gpc_seed8_model_3,gpa_ssDNA_30nt_seed5_model_0	A-dsDNA,A-ssDNA,A-ssDNA-2rep_gpc	TRUE
A	33	C,DNA	2	40	3	gpa_dsDNA_30nt_seed2_model_0,gpa_ssDNA_30nt_2rep_gpc_seed8_model_3,gpa_ssDNA_30nt_seed5_model_0	A-dsDNA,A-ssDNA,A-ssDNA-2rep_gpc	TRUE
A	34	C	1	8	1	gpa_ssDNA_30nt_2rep_gpc_seed8_model_3	A-ssDNA-2rep_gpc	TRUE
A	35	C	1	17	1	gpa_ssDNA_30nt_2rep_gpc_seed8_model_3	A-ssDNA-2rep_gpc	TRUE
A	36	C	1	17	1	gpa_ssDNA_30nt_2rep_gpc_seed8_model_3	A-ssDNA-2rep_gpc	TRUE
A	37	C	1	44	1	gpa_ssDNA_30nt_2rep_gpc_seed8_model_3	A-ssDNA-2rep_gpc	TRUE
A	39	C	1	8	1	gpa_ssDNA_30nt_2rep_gpc_seed8_model_3	A-ssDNA-2rep_gpc	TRUE
A	45	DNA	1	12	2	gpa_dsDNA_30nt_seed2_model_0,gpa_ssDNA_30nt_seed5_model_0	A-dsDNA,A-ssDNA	TRUE
A	49	DNA	1	56	2	gpa_dsDNA_30nt_seed2_model_0,gpa_ssDNA_30nt_seed5_model_0	A-dsDNA,A-ssDNA	TRUE
A	53	DNA	1	1	1	gpa_ssDNA_30nt_seed5_model_0	A-ssDNA	TRUE
A	103	C	1	1	1	gpa_ssDNA_30nt_2rep_gpc_seed8_model_3	A-ssDNA-2rep_gpc	TRUE
A	111	C	1	2	1	gpa_ssDNA_30nt_2rep_gpc_seed8_model_3	A-ssDNA-2rep_gpc	TRUE
A	112	C	1	4	1	gpa_ssDNA_30nt_2rep_gpc_seed8_model_3	A-ssDNA-2rep_gpc	TRUE
A	113	C	1	2	1	gpa_ssDNA_30nt_2rep_gpc_seed8_model_3	A-ssDNA-2rep_gpc	TRUE
A	114	C	1	37	1	gpa_ssDNA_30nt_2rep_gpc_seed8_model_3	A-ssDNA-2rep_gpc	TRUE
A	115	C	1	9	1	gpa_ssDNA_30nt_2rep_gpc_seed8_model_3	A-ssDNA-2rep_gpc	TRUE
A	116	C	1	27	1	gpa_ssDNA_30nt_2rep_gpc_seed8_model_3	A-ssDNA-2rep_gpc	TRUE
A	117	C	1	9	1	gpa_ssDNA_30nt_2rep_gpc_seed8_model_3	A-ssDNA-2rep_gpc	TRUE
A	118	C	1	2	1	gpa_ssDNA_30nt_2rep_gpc_seed8_model_3	A-ssDNA-2rep_gpc	TRUE
A	119	C	1	8	1	gpa_ssDNA_30nt_2rep_gpc_seed8_model_3	A-ssDNA-2rep_gpc	TRUE
A	120	C	1	7	1	gpa_ssDNA_30nt_2rep_gpc_seed8_model_3	A-ssDNA-2rep_gpc	TRUE
A	125	C	1	37	1	gpa_ssDNA_30nt_2rep_gpc_seed8_model_3	A-ssDNA-2rep_gpc	TRUE
A	129	C	1	4	1	gpa_ssDNA_30nt_2rep_gpc_seed8_model_3	A-ssDNA-2rep_gpc	TRUE
A	137	DNA	1	16	1	gpa_dsDNA_30nt_seed2_model_0	A-dsDNA	TRUE
A	144	DNA	1	7	2	gpa_dsDNA_30nt_seed2_model_0,gpa_ssDNA_30nt_seed5_model_0	A-dsDNA,A-ssDNA	TRUE
A	145	DNA	1	56	2	gpa_dsDNA_30nt_seed2_model_0,gpa_ssDNA_30nt_seed5_model_0	A-dsDNA,A-ssDNA	TRUE
A	146	DNA	1	21	2	gpa_dsDNA_30nt_seed2_model_0,gpa_ssDNA_30nt_seed5_model_0	A-dsDNA,A-ssDNA	TRUE
A	156	DNA	1	4	1	gpa_ssDNA_30nt_seed5_model_0	A-ssDNA	TRUE
A	157	DNA	1	1	1	gpa_dsDNA_30nt_seed2_model_0	A-dsDNA	TRUE
A	158	DNA	1	6	1	gpa_dsDNA_30nt_seed2_model_0	A-dsDNA	TRUE
A	159	DNA	1	47	1	gpa_dsDNA_30nt_seed2_model_0	A-dsDNA	TRUE
A	160	DNA	1	67	1	gpa_dsDNA_30nt_seed2_model_0	A-dsDNA	TRUE
A	161	DNA	1	15	1	gpa_dsDNA_30nt_seed2_model_0	A-dsDNA	TRUE
A	162	DNA	1	15	1	gpa_dsDNA_30nt_seed2_model_0	A-dsDNA	TRUE
A	165	DNA	1	25	1	gpa_dsDNA_30nt_seed2_model_0	A-dsDNA	TRUE
A	167	DNA	1	26	1	gpa_ssDNA_30nt_seed5_model_0	A-ssDNA	TRUE
A	168	DNA	1	91	2	gpa_dsDNA_30nt_seed2_model_0,gpa_ssDNA_30nt_seed5_model_0	A-dsDNA,A-ssDNA	TRUE
A	169	DNA	1	17	1	gpa_dsDNA_30nt_seed2_model_0	A-dsDNA	TRUE
A	171	DNA	1	64	2	gpa_dsDNA_30nt_seed2_model_0,gpa_ssDNA_30nt_seed5_model_0	A-dsDNA,A-ssDNA	TRUE
A	172	DNA	1	46	2	gpa_dsDNA_30nt_seed2_model_0,gpa_ssDNA_30nt_seed5_model_0	A-dsDNA,A-ssDNA	TRUE
A	173	DNA	1	3	1	gpa_dsDNA_30nt_seed2_model_0	A-dsDNA	TRUE
A	174	DNA	1	30	2	gpa_dsDNA_30nt_seed2_model_0,gpa_ssDNA_30nt_seed5_model_0	A-dsDNA,A-ssDNA	TRUE
A	175	DNA	1	26	1	gpa_dsDNA_30nt_seed2_model_0	A-dsDNA	TRUE
A	176	DNA	1	70	1	gpa_dsDNA_30nt_seed2_model_0	A-dsDNA	TRUE
A	179	DNA	1	1	1	gpa_dsDNA_30nt_seed2_model_0	A-dsDNA	TRUE
A	183	DNA	1	22	1	gpa_dsDNA_30nt_seed2_model_0	A-dsDNA	TRUE
A	202	DNA	1	5	1	gpa_ssDNA_30nt_seed5_model_0	A-ssDNA	TRUE
A	204	DNA	1	6	1	gpa_ssDNA_30nt_seed5_model_0	A-ssDNA	TRUE
A	217	DNA	1	1	1	gpa_dsDNA_30nt_seed2_model_0	A-dsDNA	TRUE
A	220	DNA	1	1	1	gpa_dsDNA_30nt_seed2_model_0	A-dsDNA	TRUE
A	221	DNA	1	35	2	gpa_dsDNA_30nt_seed2_model_0,gpa_ssDNA_30nt_seed5_model_0	A-dsDNA,A-ssDNA	TRUE
A	225	DNA	1	64	2	gpa_dsDNA_30nt_seed2_model_0,gpa_ssDNA_30nt_seed5_model_0	A-dsDNA,A-ssDNA	TRUE
A	229	DNA	1	28	1	gpa_dsDNA_30nt_seed2_model_0	A-dsDNA	TRUE
A	239	DNA	1	2	1	gpa_dsDNA_30nt_seed2_model_0	A-dsDNA	TRUE
A	240	DNA	1	22	2	gpa_dsDNA_30nt_seed2_model_0,gpa_ssDNA_30nt_seed5_model_0	A-dsDNA,A-ssDNA	TRUE
A	241	DNA	1	12	2	gpa_dsDNA_30nt_seed2_model_0,gpa_ssDNA_30nt_seed5_model_0	A-dsDNA,A-ssDNA	TRUE
A	242	DNA	1	62	2	gpa_dsDNA_30nt_seed2_model_0,gpa_ssDNA_30nt_seed5_model_0	A-dsDNA,A-ssDNA	TRUE
A	243	DNA	1	60	2	gpa_dsDNA_30nt_seed2_model_0,gpa_ssDNA_30nt_seed5_model_0	A-dsDNA,A-ssDNA	TRUE
A	244	DNA	1	10	2	gpa_dsDNA_30nt_seed2_model_0,gpa_ssDNA_30nt_seed5_model_0	A-dsDNA,A-ssDNA	TRUE
A	249	DNA	1	55	2	gpa_dsDNA_30nt_seed2_model_0,gpa_ssDNA_30nt_seed5_model_0	A-dsDNA,A-ssDNA	TRUE
A	254	DNA,MG	2	29	3	gpa_dsDNA_30nt_seed2_model_0,gpa_ssDNA_30nt_2rep_gpc_seed8_model_3,gpa_ssDNA_30nt_seed5_model_0	A-dsDNA,A-ssDNA,A-ssDNA-2rep_gpc	TRUE
A	256	DNA	1	7	1	gpa_ssDNA_30nt_seed5_model_0	A-ssDNA	TRUE
A	257	DNA	1	44	1	gpa_ssDNA_30nt_seed5_model_0	A-ssDNA	TRUE
A	258	DNA	1	17	1	gpa_ssDNA_30nt_seed5_model_0	A-ssDNA	TRUE
A	259	DNA	1	4	1	gpa_ssDNA_30nt_seed5_model_0	A-ssDNA	TRUE
A	261	DNA	1	3	1	gpa_ssDNA_30nt_seed5_model_0	A-ssDNA	TRUE
A	263	DNA,MG	2	59	3	gpa_dsDNA_30nt_seed2_model_0,gpa_ssDNA_30nt_2rep_gpc_seed8_model_3,gpa_ssDNA_30nt_seed5_model_0	A-dsDNA,A-ssDNA,A-ssDNA-2rep_gpc	TRUE
A	265	DNA,MG	2	26	3	gpa_dsDNA_30nt_seed2_model_0,gpa_ssDNA_30nt_2rep_gpc_seed8_model_3,gpa_ssDNA_30nt_seed5_model_0	A-dsDNA,A-ssDNA,A-ssDNA-2rep_gpc	TRUE
A	288	DNA	1	1	1	gpa_ssDNA_30nt_seed5_model_0	A-ssDNA	TRUE
A	291	DNA	1	27	1	gpa_ssDNA_30nt_seed5_model_0	A-ssDNA	TRUE
A	303	DNA	1	101	1	gpa_ssDNA_30nt_seed5_model_0	A-ssDNA	TRUE
A	305	DNA	1	17	1	gpa_ssDNA_30nt_seed5_model_0	A-ssDNA	TRUE
A	333	DNA	1	4	1	gpa_ssDNA_30nt_seed5_model_0	A-ssDNA	TRUE
A	335	DNA	1	7	1	gpa_ssDNA_30nt_seed5_model_0	A-ssDNA	TRUE
A	338	DNA	1	2	1	gpa_ssDNA_30nt_seed5_model_0	A-ssDNA	TRUE
A	339	DNA	1	15	1	gpa_ssDNA_30nt_seed5_model_0	A-ssDNA	TRUE
A	342	DNA	1	80	1	gpa_ssDNA_30nt_seed5_model_0	A-ssDNA	TRUE
A	343	DNA	1	21	1	gpa_ssDNA_30nt_seed5_model_0	A-ssDNA	TRUE
A	347	DNA,MG	2	14	3	gpa_dsDNA_30nt_seed2_model_0,gpa_ssDNA_30nt_2rep_gpc_seed8_model_3,gpa_ssDNA_30nt_seed5_model_0	A-dsDNA,A-ssDNA,A-ssDNA-2rep_gpc	TRUE
A	350	DNA,MG	2	8	1	gpa_ssDNA_30nt_seed5_model_0	A-ssDNA	TRUE
A	351	DNA	1	1	1	gpa_dsDNA_30nt_seed2_model_0	A-dsDNA	TRUE
A	359	DNA	1	13	1	gpa_dsDNA_30nt_seed2_model_0	A-dsDNA	TRUE
A	383	DNA	1	68	2	gpa_dsDNA_30nt_seed2_model_0,gpa_ssDNA_30nt_seed5_model_0	A-dsDNA,A-ssDNA	TRUE
A	384	DNA	1	2	1	gpa_dsDNA_30nt_seed2_model_0	A-dsDNA	TRUE
A	385	DNA	1	98	2	gpa_dsDNA_30nt_seed2_model_0,gpa_ssDNA_30nt_seed5_model_0	A-dsDNA,A-ssDNA	TRUE
A	386	DNA	1	39	2	gpa_dsDNA_30nt_seed2_model_0,gpa_ssDNA_30nt_seed5_model_0	A-dsDNA,A-ssDNA	TRUE
A	387	DNA	1	45	2	gpa_dsDNA_30nt_seed2_model_0,gpa_ssDNA_30nt_seed5_model_0	A-dsDNA,A-ssDNA	TRUE
A	388	DNA	1	96	2	gpa_dsDNA_30nt_seed2_model_0,gpa_ssDNA_30nt_seed5_model_0	A-dsDNA,A-ssDNA	TRUE
A	389	DNA	1	16	1	gpa_dsDNA_30nt_seed2_model_0	A-dsDNA	TRUE
A	412	DNA	1	2	2	gpa_dsDNA_30nt_seed2_model_0,gpa_ssDNA_30nt_seed5_model_0	A-dsDNA,A-ssDNA	TRUE
A	413	DNA	1	113	2	gpa_dsDNA_30nt_seed2_model_0,gpa_ssDNA_30nt_seed5_model_0	A-dsDNA,A-ssDNA	TRUE
A	414	DNA	1	27	2	gpa_dsDNA_30nt_seed2_model_0,gpa_ssDNA_30nt_seed5_model_0	A-dsDNA,A-ssDNA	TRUE
A	417	DNA	1	10	1	gpa_ssDNA_30nt_seed5_model_0	A-ssDNA	TRUE
A	419	DNA	1	5	1	gpa_dsDNA_30nt_seed2_model_0	A-dsDNA	TRUE
A	420	DNA	1	11	2	gpa_dsDNA_30nt_seed2_model_0,gpa_ssDNA_30nt_seed5_model_0	A-dsDNA,A-ssDNA	TRUE
A	423	DNA	1	17	2	gpa_dsDNA_30nt_seed2_model_0,gpa_ssDNA_30nt_seed5_model_0	A-dsDNA,A-ssDNA	TRUE
A	427	C,DNA	2	25	3	gpa_dsDNA_30nt_seed2_model_0,gpa_ssDNA_30nt_2rep_gpc_seed8_model_3,gpa_ssDNA_30nt_seed5_model_0	A-dsDNA,A-ssDNA,A-ssDNA-2rep_gpc	TRUE
A	428	C	1	2	1	gpa_ssDNA_30nt_2rep_gpc_seed8_model_3	A-ssDNA-2rep_gpc	TRUE
A	430	C	1	3	1	gpa_ssDNA_30nt_2rep_gpc_seed8_model_3	A-ssDNA-2rep_gpc	TRUE
A	431	C	1	57	1	gpa_ssDNA_30nt_2rep_gpc_seed8_model_3	A-ssDNA-2rep_gpc	TRUE
A	434	C	1	31	1	gpa_ssDNA_30nt_2rep_gpc_seed8_model_3	A-ssDNA-2rep_gpc	TRUE
A	435	C	1	11	1	gpa_ssDNA_30nt_2rep_gpc_seed8_model_3	A-ssDNA-2rep_gpc	TRUE
A	439	C	1	30	1	gpa_ssDNA_30nt_2rep_gpc_seed8_model_3	A-ssDNA-2rep_gpc	TRUE
A	440	C	1	1	1	gpa_ssDNA_30nt_2rep_gpc_seed8_model_3	A-ssDNA-2rep_gpc	TRUE
A	443	C	1	23	1	gpa_ssDNA_30nt_2rep_gpc_seed8_model_3	A-ssDNA-2rep_gpc	TRUE
A	446	DNA	1	14	2	gpa_dsDNA_30nt_seed2_model_0,gpa_ssDNA_30nt_seed5_model_0	A-dsDNA,A-ssDNA	TRUE
A	447	DNA	1	1	1	gpa_dsDNA_30nt_seed2_model_0	A-dsDNA	TRUE
A	448	C	1	8	1	gpa_ssDNA_30nt_2rep_gpc_seed8_model_3	A-ssDNA-2rep_gpc	TRUE
A	449	C,DNA	2	59	3	gpa_dsDNA_30nt_seed2_model_0,gpa_ssDNA_30nt_2rep_gpc_seed8_model_3,gpa_ssDNA_30nt_seed5_model_0	A-dsDNA,A-ssDNA,A-ssDNA-2rep_gpc	TRUE
A	450	DNA	1	6	2	gpa_dsDNA_30nt_seed2_model_0,gpa_ssDNA_30nt_seed5_model_0	A-dsDNA,A-ssDNA	TRUE
A	451	DNA	1	22	2	gpa_dsDNA_30nt_seed2_model_0,gpa_ssDNA_30nt_seed5_model_0	A-dsDNA,A-ssDNA	TRUE
A	452	C,DNA	2	115	3	gpa_dsDNA_30nt_seed2_model_0,gpa_ssDNA_30nt_2rep_gpc_seed8_model_3,gpa_ssDNA_30nt_seed5_model_0	A-dsDNA,A-ssDNA,A-ssDNA-2rep_gpc	TRUE
A	453	C,DNA	2	92	3	gpa_dsDNA_30nt_seed2_model_0,gpa_ssDNA_30nt_2rep_gpc_seed8_model_3,gpa_ssDNA_30nt_seed5_model_0	A-dsDNA,A-ssDNA,A-ssDNA-2rep_gpc	TRUE
A	454	DNA	1	103	1	gpa_dsDNA_30nt_seed2_model_0	A-dsDNA	TRUE
A	455	C,DNA	2	131	2	gpa_dsDNA_30nt_seed2_model_0,gpa_ssDNA_30nt_2rep_gpc_seed8_model_3	A-dsDNA,A-ssDNA-2rep_gpc	TRUE
A	456	C,DNA	2	70	3	gpa_dsDNA_30nt_seed2_model_0,gpa_ssDNA_30nt_2rep_gpc_seed8_model_3,gpa_ssDNA_30nt_seed5_model_0	A-dsDNA,A-ssDNA,A-ssDNA-2rep_gpc	TRUE
A	457	C,DNA	2	101	2	gpa_dsDNA_30nt_seed2_model_0,gpa_ssDNA_30nt_2rep_gpc_seed8_model_3	A-dsDNA,A-ssDNA-2rep_gpc	TRUE
A	458	DNA	1	70	1	gpa_dsDNA_30nt_seed2_model_0	A-dsDNA	TRUE
A	459	C,DNA	2	49	2	gpa_dsDNA_30nt_seed2_model_0,gpa_ssDNA_30nt_2rep_gpc_seed8_model_3	A-dsDNA,A-ssDNA-2rep_gpc	TRUE
A	460	C	1	10	1	gpa_ssDNA_30nt_2rep_gpc_seed8_model_3	A-ssDNA-2rep_gpc	TRUE
A	461	DNA	1	3	1	gpa_dsDNA_30nt_seed2_model_0	A-dsDNA	TRUE
A	462	C,DNA	2	38	2	gpa_dsDNA_30nt_seed2_model_0,gpa_ssDNA_30nt_2rep_gpc_seed8_model_3	A-dsDNA,A-ssDNA-2rep_gpc	TRUE
A	463	C,DNA	2	24	2	gpa_dsDNA_30nt_seed2_model_0,gpa_ssDNA_30nt_2rep_gpc_seed8_model_3	A-dsDNA,A-ssDNA-2rep_gpc	TRUE
A	466	DNA	1	6	1	gpa_dsDNA_30nt_seed2_model_0	A-dsDNA	TRUE
A	467	DNA	1	40	1	gpa_dsDNA_30nt_seed2_model_0	A-dsDNA	TRUE
A	468	C	1	7	1	gpa_ssDNA_30nt_2rep_gpc_seed8_model_3	A-ssDNA-2rep_gpc	TRUE
A	469	C,DNA	2	108	3	gpa_dsDNA_30nt_seed2_model_0,gpa_ssDNA_30nt_2rep_gpc_seed8_model_3,gpa_ssDNA_30nt_seed5_model_0	A-dsDNA,A-ssDNA,A-ssDNA-2rep_gpc	TRUE
A	470	DNA	1	72	1	gpa_dsDNA_30nt_seed2_model_0	A-dsDNA	TRUE
A	471	C,DNA	2	33	2	gpa_dsDNA_30nt_seed2_model_0,gpa_ssDNA_30nt_2rep_gpc_seed8_model_3	A-dsDNA,A-ssDNA-2rep_gpc	TRUE
A	472	C,DNA	2	59	3	gpa_dsDNA_30nt_seed2_model_0,gpa_ssDNA_30nt_2rep_gpc_seed8_model_3,gpa_ssDNA_30nt_seed5_model_0	A-dsDNA,A-ssDNA,A-ssDNA-2rep_gpc	TRUE
A	473	DNA	1	22	2	gpa_dsDNA_30nt_seed2_model_0,gpa_ssDNA_30nt_seed5_model_0	A-dsDNA,A-ssDNA	TRUE
A	474	DNA	1	15	1	gpa_dsDNA_30nt_seed2_model_0	A-dsDNA	TRUE
A	476	DNA	1	54	2	gpa_dsDNA_30nt_seed2_model_0,gpa_ssDNA_30nt_seed5_model_0	A-dsDNA,A-ssDNA	TRUE
A	478	DNA	1	42	2	gpa_dsDNA_30nt_seed2_model_0,gpa_ssDNA_30nt_seed5_model_0	A-dsDNA,A-ssDNA	TRUE
A	499	DNA	1	2	1	gpa_ssDNA_30nt_seed5_model_0	A-ssDNA	TRUE
A	502	DNA	1	3	1	gpa_ssDNA_30nt_seed5_model_0	A-ssDNA	TRUE
A	503	DNA	1	9	1	gpa_ssDNA_30nt_seed5_model_0	A-ssDNA	TRUE
A	506	DNA	1	2	1	gpa_ssDNA_30nt_seed5_model_0	A-ssDNA	TRUE
C	1	A	1	1	1	gpa_ssDNA_30nt_2rep_gpc_seed8_model_3	A-ssDNA-2rep_gpc	TRUE
C	4	A	1	1	1	gpa_ssDNA_30nt_2rep_gpc_seed8_model_3	A-ssDNA-2rep_gpc	TRUE
C	6	A	1	4	1	gpa_ssDNA_30nt_2rep_gpc_seed8_model_3	A-ssDNA-2rep_gpc	TRUE
C	8	A	1	5	1	gpa_ssDNA_30nt_2rep_gpc_seed8_model_3	A-ssDNA-2rep_gpc	TRUE
C	9	A	1	4	1	gpa_ssDNA_30nt_2rep_gpc_seed8_model_3	A-ssDNA-2rep_gpc	TRUE
C	10	A	1	5	1	gpa_ssDNA_30nt_2rep_gpc_seed8_model_3	A-ssDNA-2rep_gpc	TRUE
C	11	A	1	12	1	gpa_ssDNA_30nt_2rep_gpc_seed8_model_3	A-ssDNA-2rep_gpc	TRUE
C	13	A	1	12	1	gpa_ssDNA_30nt_2rep_gpc_seed8_model_3	A-ssDNA-2rep_gpc	TRUE
C	14	A	1	29	1	gpa_ssDNA_30nt_2rep_gpc_seed8_model_3	A-ssDNA-2rep_gpc	TRUE
C	15	A	1	3	1	gpa_ssDNA_30nt_2rep_gpc_seed8_model_3	A-ssDNA-2rep_gpc	TRUE
C	16	A	1	21	1	gpa_ssDNA_30nt_2rep_gpc_seed8_model_3	A-ssDNA-2rep_gpc	TRUE
C	17	A	1	10	1	gpa_ssDNA_30nt_2rep_gpc_seed8_model_3	A-ssDNA-2rep_gpc	TRUE
C	18	A	1	19	1	gpa_ssDNA_30nt_2rep_gpc_seed8_model_3	A-ssDNA-2rep_gpc	TRUE
C	19	A	1	7	1	gpa_ssDNA_30nt_2rep_gpc_seed8_model_3	A-ssDNA-2rep_gpc	TRUE
C	20	A	1	19	1	gpa_ssDNA_30nt_2rep_gpc_seed8_model_3	A-ssDNA-2rep_gpc	TRUE
C	21	A	1	28	1	gpa_ssDNA_30nt_2rep_gpc_seed8_model_3	A-ssDNA-2rep_gpc	TRUE
C	23	A	1	40	1	gpa_ssDNA_30nt_2rep_gpc_seed8_model_3	A-ssDNA-2rep_gpc	TRUE
C	24	A	1	3	1	gpa_ssDNA_30nt_2rep_gpc_seed8_model_3	A-ssDNA-2rep_gpc	TRUE
C	25	A	1	4	1	gpa_ssDNA_30nt_2rep_gpc_seed8_model_3	A-ssDNA-2rep_gpc	TRUE
C	26	A	1	5	1	gpa_ssDNA_30nt_2rep_gpc_seed8_model_3	A-ssDNA-2rep_gpc	TRUE
C	27	A	1	11	1	gpa_ssDNA_30nt_2rep_gpc_seed8_model_3	A-ssDNA-2rep_gpc	TRUE
C	29	A	1	21	1	gpa_ssDNA_30nt_2rep_gpc_seed8_model_3	A-ssDNA-2rep_gpc	TRUE
C	30	A	1	4	1	gpa_ssDNA_30nt_2rep_gpc_seed8_model_3	A-ssDNA-2rep_gpc	TRUE
C	31	A	1	1	1	gpa_ssDNA_30nt_2rep_gpc_seed8_model_3	A-ssDNA-2rep_gpc	TRUE
C	32	A	1	10	1	gpa_ssDNA_30nt_2rep_gpc_seed8_model_3	A-ssDNA-2rep_gpc	TRUE
C	33	A	1	12	1	gpa_ssDNA_30nt_2rep_gpc_seed8_model_3	A-ssDNA-2rep_gpc	TRUE
C	34	A	1	61	1	gpa_ssDNA_30nt_2rep_gpc_seed8_model_3	A-ssDNA-2rep_gpc	TRUE
C	35	A	1	18	1	gpa_ssDNA_30nt_2rep_gpc_seed8_model_3	A-ssDNA-2rep_gpc	TRUE
C	36	A	1	27	1	gpa_ssDNA_30nt_2rep_gpc_seed8_model_3	A-ssDNA-2rep_gpc	TRUE
C	37	A	1	28	1	gpa_ssDNA_30nt_2rep_gpc_seed8_model_3	A-ssDNA-2rep_gpc	TRUE
C	38	A	1	22	1	gpa_ssDNA_30nt_2rep_gpc_seed8_model_3	A-ssDNA-2rep_gpc	TRUE
C	39	A	1	67	1	gpa_ssDNA_30nt_2rep_gpc_seed8_model_3	A-ssDNA-2rep_gpc	TRUE
C	40	A	1	5	1	gpa_ssDNA_30nt_2rep_gpc_seed8_model_3	A-ssDNA-2rep_gpc	TRUE
C	41	A	1	18	1	gpa_ssDNA_30nt_2rep_gpc_seed8_model_3	A-ssDNA-2rep_gpc	TRUE
C	42	A	1	11	1	gpa_ssDNA_30nt_2rep_gpc_seed8_model_3	A-ssDNA-2rep_gpc	TRUE
C	43	A	1	11	1	gpa_ssDNA_30nt_2rep_gpc_seed8_model_3	A-ssDNA-2rep_gpc	TRUE
C	44	A	1	22	1	gpa_ssDNA_30nt_2rep_gpc_seed8_model_3	A-ssDNA-2rep_gpc	TRUE
C	45	A	1	22	1	gpa_ssDNA_30nt_2rep_gpc_seed8_model_3	A-ssDNA-2rep_gpc	TRUE
C	46	A	1	40	1	gpa_ssDNA_30nt_2rep_gpc_seed8_model_3	A-ssDNA-2rep_gpc	TRUE
C	47	A	1	5	1	gpa_ssDNA_30nt_2rep_gpc_seed8_model_3	A-ssDNA-2rep_gpc	TRUE
C	48	A	1	79	1	gpa_ssDNA_30nt_2rep_gpc_seed8_model_3	A-ssDNA-2rep_gpc	TRUE
C	49	A	1	16	1	gpa_ssDNA_30nt_2rep_gpc_seed8_model_3	A-ssDNA-2rep_gpc	TRUE
C	50	A	1	23	1	gpa_ssDNA_30nt_2rep_gpc_seed8_model_3	A-ssDNA-2rep_gpc	TRUE
C	51	A	1	4	1	gpa_ssDNA_30nt_2rep_gpc_seed8_model_3	A-ssDNA-2rep_gpc	TRUE
C	52	A	1	6	1	gpa_ssDNA_30nt_2rep_gpc_seed8_model_3	A-ssDNA-2rep_gpc	TRUE
C	54	A	1	4	1	gpa_ssDNA_30nt_2rep_gpc_seed8_model_3	A-ssDNA-2rep_gpc	TRUE
C	60	A	1	9	1	gpa_ssDNA_30nt_2rep_gpc_seed8_model_3	A-ssDNA-2rep_gpc	TRUE
C	62	A	1	24	1	gpa_ssDNA_30nt_2rep_gpc_seed8_model_3	A-ssDNA-2rep_gpc	TRUE
C	65	A	1	5	1	gpa_ssDNA_30nt_2rep_gpc_seed8_model_3	A-ssDNA-2rep_gpc	TRUE
C	66	A	1	2	1	gpa_ssDNA_30nt_2rep_gpc_seed8_model_3	A-ssDNA-2rep_gpc	TRUE
C	71	A	1	16	1	gpa_ssDNA_30nt_2rep_gpc_seed8_model_3	A-ssDNA-2rep_gpc	TRUE
C	72	A	1	9	1	gpa_ssDNA_30nt_2rep_gpc_seed8_model_3	A-ssDNA-2rep_gpc	TRUE
C	76	A	1	19	1	gpa_ssDNA_30nt_2rep_gpc_seed8_model_3	A-ssDNA-2rep_gpc	TRUE
C	78	A	1	11	1	gpa_ssDNA_30nt_2rep_gpc_seed8_model_3	A-ssDNA-2rep_gpc	TRUE
C	79	A	1	1	1	gpa_ssDNA_30nt_2rep_gpc_seed8_model_3	A-ssDNA-2rep_gpc	TRUE
C	81	A	1	1	1	gpa_ssDNA_30nt_2rep_gpc_seed8_model_3	A-ssDNA-2rep_gpc	TRUE
