group	pTM_A	pTM_DNA	pTM_MG	pTM_C	pTM_rep	ipTM_A	ipTM_DNA	ipTM_MG	ipTM_C	ipTM_rep	ipTM_A_DNA	ipTM_A_MG	ipTM_DNA_MG	ipTM_A_C	ipTM_C_MG	ipTM_A_rep	ipTM_C_DNA	ipTM_C_rep	ipTM_DNA_rep	ipTM_MG_rep	ipSAE_A_DNA	ipSAE_d0chn_A_DNA	ipSAE_d0dom_A_DNA	ipTM_af_ipSAE_15_A_DNA	ipTM_d0chn_ipSAE_15_A_DNA	pDockQ_ipSAE_15_A_DNA	pDockQ2_ipSAE_15_A_DNA	LIS_ipSAE_15_A_DNA	ipSAE_A_C	ipSAE_d0chn_A_C	ipSAE_d0dom_A_C	ipTM_af_ipSAE_15_A_C	ipTM_d0chn_ipSAE_15_A_C	pDockQ_ipSAE_15_A_C	pDockQ2_ipSAE_15_A_C	LIS_ipSAE_15_A_C	ipSAE_A_rep	ipSAE_d0chn_A_rep	ipSAE_d0dom_A_rep	ipTM_af_ipSAE_15_A_rep	ipTM_d0chn_ipSAE_15_A_rep	pDockQ_ipSAE_15_A_rep	pDockQ2_ipSAE_15_A_rep	LIS_ipSAE_15_A_rep	ipSAE_C_DNA	ipSAE_d0chn_C_DNA	ipSAE_d0dom_C_DNA	ipTM_af_ipSAE_15_C_DNA	ipTM_d0chn_ipSAE_15_C_DNA	pDockQ_ipSAE_15_C_DNA	pDockQ2_ipSAE_15_C_DNA	LIS_ipSAE_15_C_DNA	ipSAE_C_rep	ipSAE_d0chn_C_rep	ipSAE_d0dom_C_rep	ipTM_af_ipSAE_15_C_rep	ipTM_d0chn_ipSAE_15_C_rep	pDockQ_ipSAE_15_C_rep	pDockQ2_ipSAE_15_C_rep	LIS_ipSAE_15_C_rep	ipSAE_DNA_rep	ipSAE_d0chn_DNA_rep	ipSAE_d0dom_DNA_rep	ipTM_af_ipSAE_15_DNA_rep	ipTM_d0chn_ipSAE_15_DNA_rep	pDockQ_ipSAE_15_DNA_rep	pDockQ2_ipSAE_15_DNA_rep	LIS_ipSAE_15_DNA_rep
gpa_dsDNA_30nt_seed10_model_0	0.87	0.215	NA	NA	NA	0.74	0.405	0.38	NA	NA	0.68	0.86	0.14	NA	NA	NA	NA	NA	NA	NA	0.505838	0.638852	0.625903	0.86	0.593426	0.2331	0.1944	0.318	NA	NA	NA	NA	NA	NA	NA	NA	NA	NA	NA	NA	NA	NA	NA	NA	NA	NA	NA	NA	NA	NA	NA	NA	NA	NA	NA	NA	NA	NA	NA	NA	NA	NA	NA	NA	NA	NA	NA	NA
gpa_dsDNA_30nt_seed10_model_1	0.85	0.215	NA	NA	NA	0.72	0.385	0.36	NA	NA	0.66	0.84	0.13	NA	NA	NA	NA	NA	NA	NA	0.490955	0.640678	0.62041	0.84	0.570925	0.3091	0.2385	0.314	NA	NA	NA	NA	NA	NA	NA	NA	NA	NA	NA	NA	NA	NA	NA	NA	NA	NA	NA	NA	NA	NA	NA	NA	NA	NA	NA	NA	NA	NA	NA	NA	NA	NA	NA	NA	NA	NA	NA	NA
gpa_dsDNA_30nt_seed10_model_2	0.86	0.20500000000000002	NA	NA	NA	0.7	0.37	0.37	NA	NA	0.63	0.84	0.13	NA	NA	NA	NA	NA	NA	NA	0.477482	0.662817	0.647321	0.84	0.528063	0.2484	0.1157	0.324	NA	NA	NA	NA	NA	NA	NA	NA	NA	NA	NA	NA	NA	NA	NA	NA	NA	NA	NA	NA	NA	NA	NA	NA	NA	NA	NA	NA	NA	NA	NA	NA	NA	NA	NA	NA	NA	NA	NA	NA
gpa_dsDNA_30nt_seed10_model_3	0.85	0.19	NA	NA	NA	0.68	0.34	0.34	NA	NA	0.59	0.85	0.09	NA	NA	NA	NA	NA	NA	NA	0.393396	0.647535	0.630284	0.85	0.493377	0.213	0.0744	0.2761	NA	NA	NA	NA	NA	NA	NA	NA	NA	NA	NA	NA	NA	NA	NA	NA	NA	NA	NA	NA	NA	NA	NA	NA	NA	NA	NA	NA	NA	NA	NA	NA	NA	NA	NA	NA	NA	NA	NA	NA
gpa_dsDNA_30nt_seed10_model_4	0.85	0.19	NA	NA	NA	0.67	0.335	0.34	NA	NA	0.58	0.83	0.1	NA	NA	NA	NA	NA	NA	NA	0.422029	0.652825	0.63484	0.83	0.491509	0.2485	0.0787	0.2821	NA	NA	NA	NA	NA	NA	NA	NA	NA	NA	NA	NA	NA	NA	NA	NA	NA	NA	NA	NA	NA	NA	NA	NA	NA	NA	NA	NA	NA	NA	NA	NA	NA	NA	NA	NA	NA	NA	NA	NA
gpa_dsDNA_30nt_seed1_model_0	0.88	0.24	NA	NA	NA	0.78	0.455	0.41	NA	NA	0.75	0.88	0.18	NA	NA	NA	NA	NA	NA	NA	0.558002	0.665159	0.653884	0.88	0.665159	0.2938	0.2947	0.3479	NA	NA	NA	NA	NA	NA	NA	NA	NA	NA	NA	NA	NA	NA	NA	NA	NA	NA	NA	NA	NA	NA	NA	NA	NA	NA	NA	NA	NA	NA	NA	NA	NA	NA	NA	NA	NA	NA	NA	NA
gpa_dsDNA_30nt_seed1_model_1	0.86	0.235	NA	NA	NA	0.77	0.435	0.39	NA	NA	0.74	0.85	0.17	NA	NA	NA	NA	NA	NA	NA	0.530541	0.647285	0.63224	0.85	0.641746	0.292	0.2794	0.3321	NA	NA	NA	NA	NA	NA	NA	NA	NA	NA	NA	NA	NA	NA	NA	NA	NA	NA	NA	NA	NA	NA	NA	NA	NA	NA	NA	NA	NA	NA	NA	NA	NA	NA	NA	NA	NA	NA	NA	NA
gpa_dsDNA_30nt_seed1_model_2	0.85	0.225	NA	NA	NA	0.75	0.415	0.38	NA	NA	0.71	0.85	0.15	NA	NA	NA	NA	NA	NA	NA	0.527829	0.632968	0.614453	0.85	0.614908	0.279	0.2453	0.3227	NA	NA	NA	NA	NA	NA	NA	NA	NA	NA	NA	NA	NA	NA	NA	NA	NA	NA	NA	NA	NA	NA	NA	NA	NA	NA	NA	NA	NA	NA	NA	NA	NA	NA	NA	NA	NA	NA	NA	NA
gpa_dsDNA_30nt_seed1_model_3	0.87	0.225	NA	NA	NA	0.75	0.415	0.39	NA	NA	0.71	0.87	0.16	NA	NA	NA	NA	NA	NA	NA	0.497948	0.636144	0.619358	0.87	0.614021	0.307	0.2518	0.316	NA	NA	NA	NA	NA	NA	NA	NA	NA	NA	NA	NA	NA	NA	NA	NA	NA	NA	NA	NA	NA	NA	NA	NA	NA	NA	NA	NA	NA	NA	NA	NA	NA	NA	NA	NA	NA	NA	NA	NA
gpa_dsDNA_30nt_seed1_model_4	0.86	0.20500000000000002	NA	NA	NA	0.69	0.365	0.36	NA	NA	0.62	0.85	0.13	NA	NA	NA	NA	NA	NA	NA	0.452894	0.661504	0.642779	0.85	0.509281	0.2282	0.1196	0.3013	NA	NA	NA	NA	NA	NA	NA	NA	NA	NA	NA	NA	NA	NA	NA	NA	NA	NA	NA	NA	NA	NA	NA	NA	NA	NA	NA	NA	NA	NA	NA	NA	NA	NA	NA	NA	NA	NA	NA	NA
gpa_dsDNA_30nt_seed2_model_0	0.86	0.245	NA	NA	NA	0.81	0.46499999999999997	0.42	NA	NA	0.78	0.9	0.19	NA	NA	NA	NA	NA	NA	NA	0.622574	0.704443	0.692715	0.9	0.704443	0.3522	0.3937	0.391	NA	NA	NA	NA	NA	NA	NA	NA	NA	NA	NA	NA	NA	NA	NA	NA	NA	NA	NA	NA	NA	NA	NA	NA	NA	NA	NA	NA	NA	NA	NA	NA	NA	NA	NA	NA	NA	NA	NA	NA
gpa_dsDNA_30nt_seed2_model_1	0.85	0.215	NA	NA	NA	0.74	0.405	0.38	NA	NA	0.68	0.87	0.15	NA	NA	NA	NA	NA	NA	NA	0.461237	0.632331	0.61268	0.87	0.578094	0.2631	0.1818	0.2962	NA	NA	NA	NA	NA	NA	NA	NA	NA	NA	NA	NA	NA	NA	NA	NA	NA	NA	NA	NA	NA	NA	NA	NA	NA	NA	NA	NA	NA	NA	NA	NA	NA	NA	NA	NA	NA	NA	NA	NA
gpa_dsDNA_30nt_seed2_model_2	0.85	0.215	NA	NA	NA	0.73	0.4	0.38	NA	NA	0.68	0.87	0.15	NA	NA	NA	NA	NA	NA	NA	0.467463	0.637525	0.619563	0.87	0.570319	0.2827	0.1995	0.3026	NA	NA	NA	NA	NA	NA	NA	NA	NA	NA	NA	NA	NA	NA	NA	NA	NA	NA	NA	NA	NA	NA	NA	NA	NA	NA	NA	NA	NA	NA	NA	NA	NA	NA	NA	NA	NA	NA	NA	NA
gpa_dsDNA_30nt_seed2_model_3	0.84	0.215	NA	NA	NA	0.72	0.39	0.38	NA	NA	0.66	0.86	0.15	NA	NA	NA	NA	NA	NA	NA	0.459577	0.64386	0.625496	0.86	0.554125	0.2696	0.1554	0.3029	NA	NA	NA	NA	NA	NA	NA	NA	NA	NA	NA	NA	NA	NA	NA	NA	NA	NA	NA	NA	NA	NA	NA	NA	NA	NA	NA	NA	NA	NA	NA	NA	NA	NA	NA	NA	NA	NA	NA	NA
gpa_dsDNA_30nt_seed2_model_4	0.85	0.21	NA	NA	NA	0.7	0.37	0.38	NA	NA	0.62	0.86	0.15	NA	NA	NA	NA	NA	NA	NA	0.462034	0.678645	0.662607	0.86	0.51337	0.2538	0.0949	0.3155	NA	NA	NA	NA	NA	NA	NA	NA	NA	NA	NA	NA	NA	NA	NA	NA	NA	NA	NA	NA	NA	NA	NA	NA	NA	NA	NA	NA	NA	NA	NA	NA	NA	NA	NA	NA	NA	NA	NA	NA
gpa_dsDNA_30nt_seed3_model_0	0.85	0.215	NA	NA	NA	0.71	0.39	0.37	NA	NA	0.65	0.83	0.14	NA	NA	NA	NA	NA	NA	NA	0.52496	0.663205	0.643839	0.83	0.575089	0.3144	0.209	0.3515	NA	NA	NA	NA	NA	NA	NA	NA	NA	NA	NA	NA	NA	NA	NA	NA	NA	NA	NA	NA	NA	NA	NA	NA	NA	NA	NA	NA	NA	NA	NA	NA	NA	NA	NA	NA	NA	NA	NA	NA
gpa_dsDNA_30nt_seed3_model_1	0.86	0.21	NA	NA	NA	0.71	0.385	0.39	NA	NA	0.64	0.87	0.16	NA	NA	NA	NA	NA	NA	NA	0.505845	0.662486	0.641968	0.87	0.544246	0.2703	0.1703	0.3588	NA	NA	NA	NA	NA	NA	NA	NA	NA	NA	NA	NA	NA	NA	NA	NA	NA	NA	NA	NA	NA	NA	NA	NA	NA	NA	NA	NA	NA	NA	NA	NA	NA	NA	NA	NA	NA	NA	NA	NA
gpa_dsDNA_30nt_seed3_model_2	0.86	0.20500000000000002	NA	NA	NA	0.7	0.37	0.36	NA	NA	0.64	0.84	0.12	NA	NA	NA	NA	NA	NA	NA	0.481569	0.650324	0.628833	0.84	0.557974	0.2555	0.2368	0.324	NA	NA	NA	NA	NA	NA	NA	NA	NA	NA	NA	NA	NA	NA	NA	NA	NA	NA	NA	NA	NA	NA	NA	NA	NA	NA	NA	NA	NA	NA	NA	NA	NA	NA	NA	NA	NA	NA	NA	NA
gpa_dsDNA_30nt_seed3_model_3	0.84	0.2	NA	NA	NA	0.68	0.355	0.36	NA	NA	0.61	0.84	0.11	NA	NA	NA	NA	NA	NA	NA	0.472712	0.667059	0.64812	0.84	0.516128	0.2405	0.126	0.3222	NA	NA	NA	NA	NA	NA	NA	NA	NA	NA	NA	NA	NA	NA	NA	NA	NA	NA	NA	NA	NA	NA	NA	NA	NA	NA	NA	NA	NA	NA	NA	NA	NA	NA	NA	NA	NA	NA	NA	NA
gpa_dsDNA_30nt_seed3_model_4	0.84	0.195	NA	NA	NA	0.68	0.345	0.35	NA	NA	0.6	0.83	0.11	NA	NA	NA	NA	NA	NA	NA	0.43105	0.672653	0.65569	0.83	0.521062	0.2715	0.1371	0.321	NA	NA	NA	NA	NA	NA	NA	NA	NA	NA	NA	NA	NA	NA	NA	NA	NA	NA	NA	NA	NA	NA	NA	NA	NA	NA	NA	NA	NA	NA	NA	NA	NA	NA	NA	NA	NA	NA	NA	NA
gpa_dsDNA_30nt_seed4_model_0	0.88	0.235	NA	NA	NA	0.78	0.435	0.41	NA	NA	0.73	0.89	0.17	NA	NA	NA	NA	NA	NA	NA	0.516622	0.653229	0.64023	0.89	0.643916	0.3147	0.2677	0.3324	NA	NA	NA	NA	NA	NA	NA	NA	NA	NA	NA	NA	NA	NA	NA	NA	NA	NA	NA	NA	NA	NA	NA	NA	NA	NA	NA	NA	NA	NA	NA	NA	NA	NA	NA	NA	NA	NA	NA	NA
gpa_dsDNA_30nt_seed4_model_1	0.86	0.235	NA	NA	NA	0.77	0.435	0.4	NA	NA	0.74	0.87	0.17	NA	NA	NA	NA	NA	NA	NA	0.546992	0.659466	0.6472	0.87	0.654302	0.2855	0.2853	0.341	NA	NA	NA	NA	NA	NA	NA	NA	NA	NA	NA	NA	NA	NA	NA	NA	NA	NA	NA	NA	NA	NA	NA	NA	NA	NA	NA	NA	NA	NA	NA	NA	NA	NA	NA	NA	NA	NA	NA	NA
gpa_dsDNA_30nt_seed4_model_2	0.86	0.215	NA	NA	NA	0.73	0.395	0.37	NA	NA	0.68	0.85	0.13	NA	NA	NA	NA	NA	NA	NA	0.482609	0.622205	0.608101	0.85	0.577997	0.2587	0.1555	0.3046	NA	NA	NA	NA	NA	NA	NA	NA	NA	NA	NA	NA	NA	NA	NA	NA	NA	NA	NA	NA	NA	NA	NA	NA	NA	NA	NA	NA	NA	NA	NA	NA	NA	NA	NA	NA	NA	NA	NA	NA
gpa_dsDNA_30nt_seed4_model_3	0.86	0.215	NA	NA	NA	0.7	0.38	0.36	NA	NA	0.64	0.84	0.13	NA	NA	NA	NA	NA	NA	NA	0.442855	0.614662	0.598638	0.84	0.533277	0.2305	0.1216	0.2942	NA	NA	NA	NA	NA	NA	NA	NA	NA	NA	NA	NA	NA	NA	NA	NA	NA	NA	NA	NA	NA	NA	NA	NA	NA	NA	NA	NA	NA	NA	NA	NA	NA	NA	NA	NA	NA	NA	NA	NA
gpa_dsDNA_30nt_seed4_model_4	0.86	0.20500000000000002	NA	NA	NA	0.7	0.375	0.37	NA	NA	0.63	0.85	0.13	NA	NA	NA	NA	NA	NA	NA	0.474698	0.671118	0.656603	0.85	0.518585	0.261	0.1296	0.3178	NA	NA	NA	NA	NA	NA	NA	NA	NA	NA	NA	NA	NA	NA	NA	NA	NA	NA	NA	NA	NA	NA	NA	NA	NA	NA	NA	NA	NA	NA	NA	NA	NA	NA	NA	NA	NA	NA	NA	NA
gpa_dsDNA_30nt_seed5_model_0	0.87	0.245	NA	NA	NA	0.8	0.46499999999999997	0.41	NA	NA	0.77	0.87	0.19	NA	NA	NA	NA	NA	NA	NA	0.611743	0.706543	0.695275	0.87	0.706543	0.3975	0.3726	0.3835	NA	NA	NA	NA	NA	NA	NA	NA	NA	NA	NA	NA	NA	NA	NA	NA	NA	NA	NA	NA	NA	NA	NA	NA	NA	NA	NA	NA	NA	NA	NA	NA	NA	NA	NA	NA	NA	NA	NA	NA
gpa_dsDNA_30nt_seed5_model_1	0.86	0.2	NA	NA	NA	0.72	0.38	0.35	NA	NA	0.67	0.84	0.1	NA	NA	NA	NA	NA	NA	NA	0.419432	0.621452	0.603906	0.84	0.580339	0.2819	0.1812	0.2822	NA	NA	NA	NA	NA	NA	NA	NA	NA	NA	NA	NA	NA	NA	NA	NA	NA	NA	NA	NA	NA	NA	NA	NA	NA	NA	NA	NA	NA	NA	NA	NA	NA	NA	NA	NA	NA	NA	NA	NA
gpa_dsDNA_30nt_seed5_model_2	0.87	0.215	NA	NA	NA	0.71	0.38	0.39	NA	NA	0.64	0.86	0.16	NA	NA	NA	NA	NA	NA	NA	0.494862	0.668532	0.65288	0.86	0.53263	0.2673	0.1037	0.3334	NA	NA	NA	NA	NA	NA	NA	NA	NA	NA	NA	NA	NA	NA	NA	NA	NA	NA	NA	NA	NA	NA	NA	NA	NA	NA	NA	NA	NA	NA	NA	NA	NA	NA	NA	NA	NA	NA	NA	NA
gpa_dsDNA_30nt_seed5_model_3	0.85	0.20500000000000002	NA	NA	NA	0.71	0.38	0.38	NA	NA	0.64	0.87	0.14	NA	NA	NA	NA	NA	NA	NA	0.492916	0.640733	0.619278	0.87	0.555759	0.2139	0.1586	0.3215	NA	NA	NA	NA	NA	NA	NA	NA	NA	NA	NA	NA	NA	NA	NA	NA	NA	NA	NA	NA	NA	NA	NA	NA	NA	NA	NA	NA	NA	NA	NA	NA	NA	NA	NA	NA	NA	NA	NA	NA
gpa_dsDNA_30nt_seed5_model_4	0.86	0.2	NA	NA	NA	0.7	0.37	0.36	NA	NA	0.63	0.85	0.12	NA	NA	NA	NA	NA	NA	NA	0.453161	0.645798	0.627601	0.85	0.547864	0.2575	0.1168	0.3138	NA	NA	NA	NA	NA	NA	NA	NA	NA	NA	NA	NA	NA	NA	NA	NA	NA	NA	NA	NA	NA	NA	NA	NA	NA	NA	NA	NA	NA	NA	NA	NA	NA	NA	NA	NA	NA	NA	NA	NA
gpa_dsDNA_30nt_seed6_model_0	0.85	0.23	NA	NA	NA	0.75	0.42	0.39	NA	NA	0.71	0.87	0.15	NA	NA	NA	NA	NA	NA	NA	0.535472	0.651824	0.63431	0.87	0.62059	0.2864	0.2742	0.3324	NA	NA	NA	NA	NA	NA	NA	NA	NA	NA	NA	NA	NA	NA	NA	NA	NA	NA	NA	NA	NA	NA	NA	NA	NA	NA	NA	NA	NA	NA	NA	NA	NA	NA	NA	NA	NA	NA	NA	NA
gpa_dsDNA_30nt_seed6_model_1	0.85	0.21	NA	NA	NA	0.71	0.38	0.37	NA	NA	0.64	0.87	0.13	NA	NA	NA	NA	NA	NA	NA	0.468214	0.647871	0.631164	0.87	0.541748	0.2482	0.125	0.3183	NA	NA	NA	NA	NA	NA	NA	NA	NA	NA	NA	NA	NA	NA	NA	NA	NA	NA	NA	NA	NA	NA	NA	NA	NA	NA	NA	NA	NA	NA	NA	NA	NA	NA	NA	NA	NA	NA	NA	NA
gpa_dsDNA_30nt_seed6_model_2	0.84	0.19	NA	NA	NA	0.69	0.34	0.35	NA	NA	0.61	0.86	0.09	NA	NA	NA	NA	NA	NA	NA	0.381969	0.614303	0.590599	0.86	0.512491	0.2232	0.1385	0.2739	NA	NA	NA	NA	NA	NA	NA	NA	NA	NA	NA	NA	NA	NA	NA	NA	NA	NA	NA	NA	NA	NA	NA	NA	NA	NA	NA	NA	NA	NA	NA	NA	NA	NA	NA	NA	NA	NA	NA	NA
gpa_dsDNA_30nt_seed6_model_3	0.85	0.20500000000000002	NA	NA	NA	0.69	0.365	0.36	NA	NA	0.61	0.85	0.12	NA	NA	NA	NA	NA	NA	NA	0.436326	0.668891	0.649326	0.85	0.517885	0.2654	0.1081	0.302	NA	NA	NA	NA	NA	NA	NA	NA	NA	NA	NA	NA	NA	NA	NA	NA	NA	NA	NA	NA	NA	NA	NA	NA	NA	NA	NA	NA	NA	NA	NA	NA	NA	NA	NA	NA	NA	NA	NA	NA
gpa_dsDNA_30nt_seed6_model_4	0.85	0.195	NA	NA	NA	0.68	0.35	0.35	NA	NA	0.61	0.84	0.1	NA	NA	NA	NA	NA	NA	NA	0.415835	0.647188	0.626147	0.84	0.500235	0.2505	0.1106	0.2899	NA	NA	NA	NA	NA	NA	NA	NA	NA	NA	NA	NA	NA	NA	NA	NA	NA	NA	NA	NA	NA	NA	NA	NA	NA	NA	NA	NA	NA	NA	NA	NA	NA	NA	NA	NA	NA	NA	NA	NA
gpa_dsDNA_30nt_seed7_model_0	0.88	0.235	NA	NA	NA	0.76	0.435	0.4	NA	NA	0.71	0.87	0.17	NA	NA	NA	NA	NA	NA	NA	0.505817	0.617702	0.6073	0.87	0.601219	0.3256	0.2444	0.3045	NA	NA	NA	NA	NA	NA	NA	NA	NA	NA	NA	NA	NA	NA	NA	NA	NA	NA	NA	NA	NA	NA	NA	NA	NA	NA	NA	NA	NA	NA	NA	NA	NA	NA	NA	NA	NA	NA	NA	NA
gpa_dsDNA_30nt_seed7_model_1	0.88	0.23	NA	NA	NA	0.76	0.42	0.39	NA	NA	0.71	0.87	0.15	NA	NA	NA	NA	NA	NA	NA	0.469917	0.604355	0.592011	0.87	0.592339	0.2635	0.1684	0.2828	NA	NA	NA	NA	NA	NA	NA	NA	NA	NA	NA	NA	NA	NA	NA	NA	NA	NA	NA	NA	NA	NA	NA	NA	NA	NA	NA	NA	NA	NA	NA	NA	NA	NA	NA	NA	NA	NA	NA	NA
gpa_dsDNA_30nt_seed7_model_2	0.88	0.23	NA	NA	NA	0.75	0.425	0.4	NA	NA	0.7	0.87	0.17	NA	NA	NA	NA	NA	NA	NA	0.507603	0.610439	0.597789	0.87	0.585147	0.2776	0.203	0.3091	NA	NA	NA	NA	NA	NA	NA	NA	NA	NA	NA	NA	NA	NA	NA	NA	NA	NA	NA	NA	NA	NA	NA	NA	NA	NA	NA	NA	NA	NA	NA	NA	NA	NA	NA	NA	NA	NA	NA	NA
gpa_dsDNA_30nt_seed7_model_3	0.87	0.20500000000000002	NA	NA	NA	0.72	0.38	0.36	NA	NA	0.66	0.86	0.13	NA	NA	NA	NA	NA	NA	NA	0.436044	0.579317	0.566115	0.86	0.539109	0.2734	0.1731	0.2757	NA	NA	NA	NA	NA	NA	NA	NA	NA	NA	NA	NA	NA	NA	NA	NA	NA	NA	NA	NA	NA	NA	NA	NA	NA	NA	NA	NA	NA	NA	NA	NA	NA	NA	NA	NA	NA	NA	NA	NA
gpa_dsDNA_30nt_seed7_model_4	0.87	0.21	NA	NA	NA	0.7	0.375	0.37	NA	NA	0.63	0.86	0.14	NA	NA	NA	NA	NA	NA	NA	0.463693	0.65459	0.640223	0.86	0.504607	0.2505	0.1308	0.3005	NA	NA	NA	NA	NA	NA	NA	NA	NA	NA	NA	NA	NA	NA	NA	NA	NA	NA	NA	NA	NA	NA	NA	NA	NA	NA	NA	NA	NA	NA	NA	NA	NA	NA	NA	NA	NA	NA	NA	NA
gpa_dsDNA_30nt_seed8_model_0	0.86	0.235	NA	NA	NA	0.77	0.45	0.42	NA	NA	0.73	0.88	0.2	NA	NA	NA	NA	NA	NA	NA	0.59104	0.673469	0.658782	0.88	0.647901	0.3271	0.2727	0.361	NA	NA	NA	NA	NA	NA	NA	NA	NA	NA	NA	NA	NA	NA	NA	NA	NA	NA	NA	NA	NA	NA	NA	NA	NA	NA	NA	NA	NA	NA	NA	NA	NA	NA	NA	NA	NA	NA	NA	NA
gpa_dsDNA_30nt_seed8_model_1	0.86	0.215	NA	NA	NA	0.73	0.405	0.4	NA	NA	0.66	0.87	0.18	NA	NA	NA	NA	NA	NA	NA	0.52082	0.666353	0.649384	0.87	0.581118	0.3232	0.2226	0.3463	NA	NA	NA	NA	NA	NA	NA	NA	NA	NA	NA	NA	NA	NA	NA	NA	NA	NA	NA	NA	NA	NA	NA	NA	NA	NA	NA	NA	NA	NA	NA	NA	NA	NA	NA	NA	NA	NA	NA	NA
gpa_dsDNA_30nt_seed8_model_2	0.85	0.225	NA	NA	NA	0.73	0.41000000000000003	0.39	NA	NA	0.67	0.85	0.18	NA	NA	NA	NA	NA	NA	NA	0.541459	0.659238	0.642954	0.85	0.58866	0.2925	0.1906	0.3403	NA	NA	NA	NA	NA	NA	NA	NA	NA	NA	NA	NA	NA	NA	NA	NA	NA	NA	NA	NA	NA	NA	NA	NA	NA	NA	NA	NA	NA	NA	NA	NA	NA	NA	NA	NA	NA	NA	NA	NA
gpa_dsDNA_30nt_seed8_model_3	0.86	0.215	NA	NA	NA	0.72	0.395	0.4	NA	NA	0.65	0.87	0.18	NA	NA	NA	NA	NA	NA	NA	0.511868	0.655648	0.637928	0.87	0.550809	0.304	0.1318	0.3398	NA	NA	NA	NA	NA	NA	NA	NA	NA	NA	NA	NA	NA	NA	NA	NA	NA	NA	NA	NA	NA	NA	NA	NA	NA	NA	NA	NA	NA	NA	NA	NA	NA	NA	NA	NA	NA	NA	NA	NA
gpa_dsDNA_30nt_seed8_model_4	0.86	0.20500000000000002	NA	NA	NA	0.71	0.38	0.38	NA	NA	0.64	0.85	0.15	NA	NA	NA	NA	NA	NA	NA	0.465912	0.636423	0.618641	0.85	0.553894	0.3038	0.161	0.3078	NA	NA	NA	NA	NA	NA	NA	NA	NA	NA	NA	NA	NA	NA	NA	NA	NA	NA	NA	NA	NA	NA	NA	NA	NA	NA	NA	NA	NA	NA	NA	NA	NA	NA	NA	NA	NA	NA	NA	NA
gpa_dsDNA_30nt_seed9_model_0	0.87	0.235	NA	NA	NA	0.77	0.44	0.41	NA	NA	0.72	0.88	0.17	NA	NA	NA	NA	NA	NA	NA	0.541301	0.639143	0.627408	0.88	0.63214	0.2578	0.2069	0.3314	NA	NA	NA	NA	NA	NA	NA	NA	NA	NA	NA	NA	NA	NA	NA	NA	NA	NA	NA	NA	NA	NA	NA	NA	NA	NA	NA	NA	NA	NA	NA	NA	NA	NA	NA	NA	NA	NA	NA	NA
gpa_dsDNA_30nt_seed9_model_1	0.87	0.23	NA	NA	NA	0.75	0.425	0.39	NA	NA	0.7	0.86	0.16	NA	NA	NA	NA	NA	NA	NA	0.538942	0.647683	0.632308	0.86	0.605777	0.2867	0.2319	0.3413	NA	NA	NA	NA	NA	NA	NA	NA	NA	NA	NA	NA	NA	NA	NA	NA	NA	NA	NA	NA	NA	NA	NA	NA	NA	NA	NA	NA	NA	NA	NA	NA	NA	NA	NA	NA	NA	NA	NA	NA
gpa_dsDNA_30nt_seed9_model_2	0.86	0.22	NA	NA	NA	0.74	0.4	0.39	NA	NA	0.68	0.87	0.15	NA	NA	NA	NA	NA	NA	NA	0.482814	0.61826	0.601791	0.87	0.575569	0.2491	0.1653	0.3017	NA	NA	NA	NA	NA	NA	NA	NA	NA	NA	NA	NA	NA	NA	NA	NA	NA	NA	NA	NA	NA	NA	NA	NA	NA	NA	NA	NA	NA	NA	NA	NA	NA	NA	NA	NA	NA	NA	NA	NA
gpa_dsDNA_30nt_seed9_model_3	0.87	0.20500000000000002	NA	NA	NA	0.69	0.37	0.37	NA	NA	0.63	0.85	0.14	NA	NA	NA	NA	NA	NA	NA	0.476427	0.673476	0.65875	0.85	0.509111	0.2515	0.1232	0.3221	NA	NA	NA	NA	NA	NA	NA	NA	NA	NA	NA	NA	NA	NA	NA	NA	NA	NA	NA	NA	NA	NA	NA	NA	NA	NA	NA	NA	NA	NA	NA	NA	NA	NA	NA	NA	NA	NA	NA	NA
gpa_dsDNA_30nt_seed9_model_4	0.87	0.20500000000000002	NA	NA	NA	0.7	0.365	0.38	NA	NA	0.61	0.88	0.13	NA	NA	NA	NA	NA	NA	NA	0.443171	0.663191	0.648755	0.88	0.506966	0.207	0.1151	0.3071	NA	NA	NA	NA	NA	NA	NA	NA	NA	NA	NA	NA	NA	NA	NA	NA	NA	NA	NA	NA	NA	NA	NA	NA	NA	NA	NA	NA	NA	NA	NA	NA	NA	NA	NA	NA	NA	NA	NA	NA
gpa_noDNA_gpc_seed10_model_0	0.82	NA	NA	0.53	NA	0.51	NA	0.42	0.12	NA	NA	0.82	NA	0.21	0.03	NA	NA	NA	NA	NA	NA	NA	NA	NA	NA	NA	NA	NA	0	0	0	0.21	0.113641	0.1847	0.0104	0	NA	NA	NA	NA	NA	NA	NA	NA	NA	NA	NA	NA	NA	NA	NA	NA	NA	NA	NA	NA	NA	NA	NA	NA	NA	NA	NA	NA	NA	NA	NA	NA
gpa_noDNA_gpc_seed10_model_1	0.82	NA	NA	0.52	NA	0.48	NA	0.42	0.09	NA	NA	0.81	NA	0.16	0.02	NA	NA	NA	NA	NA	NA	NA	NA	NA	NA	NA	NA	NA	0	0	0	0.16	0.097777	0.1873	0.0096	0	NA	NA	NA	NA	NA	NA	NA	NA	NA	NA	NA	NA	NA	NA	NA	NA	NA	NA	NA	NA	NA	NA	NA	NA	NA	NA	NA	NA	NA	NA	NA	NA
gpa_noDNA_gpc_seed10_model_2	0.83	NA	NA	0.54	NA	0.47	NA	0.41	0.08	NA	NA	0.81	NA	0.13	0.02	NA	NA	NA	NA	NA	NA	NA	NA	NA	NA	NA	NA	NA	0	0	0	0.13	0.087855	0.0828	0.0093	0	NA	NA	NA	NA	NA	NA	NA	NA	NA	NA	NA	NA	NA	NA	NA	NA	NA	NA	NA	NA	NA	NA	NA	NA	NA	NA	NA	NA	NA	NA	NA	NA
gpa_noDNA_gpc_seed10_model_3	0.82	NA	NA	0.52	NA	0.46	NA	0.41	0.07	NA	NA	0.8	NA	0.12	0.02	NA	NA	NA	NA	NA	NA	NA	NA	NA	NA	NA	NA	NA	0	0	0	0.12	0.084657	0.0871	0.0092	0	NA	NA	NA	NA	NA	NA	NA	NA	NA	NA	NA	NA	NA	NA	NA	NA	NA	NA	NA	NA	NA	NA	NA	NA	NA	NA	NA	NA	NA	NA	NA	NA
gpa_noDNA_gpc_seed10_model_4	0.82	NA	NA	0.54	NA	0.48	NA	0.42	0.07	NA	NA	0.82	NA	0.13	0.02	NA	NA	NA	NA	NA	NA	NA	NA	NA	NA	NA	NA	NA	0	0	0	0.13	0.085768	0.0869	0.0092	0	NA	NA	NA	NA	NA	NA	NA	NA	NA	NA	NA	NA	NA	NA	NA	NA	NA	NA	NA	NA	NA	NA	NA	NA	NA	NA	NA	NA	NA	NA	NA	NA
gpa_noDNA_gpc_seed1_model_0	0.84	NA	NA	0.54	NA	0.57	NA	0.43	0.19	NA	NA	0.81	NA	0.33	0.05	NA	NA	NA	NA	NA	NA	NA	NA	NA	NA	NA	NA	NA	0.005199	0.27675	0.091162000000000007	0.33	0.172784	0.1911	0.0138	0	NA	NA	NA	NA	NA	NA	NA	NA	NA	NA	NA	NA	NA	NA	NA	NA	NA	NA	NA	NA	NA	NA	NA	NA	NA	NA	NA	NA	NA	NA	NA	NA
gpa_noDNA_gpc_seed1_model_1	0.83	NA	NA	0.53	NA	0.58	NA	0.44	0.18	NA	NA	0.84	NA	0.33	0.04	NA	NA	NA	NA	NA	NA	NA	NA	NA	NA	NA	NA	NA	0.005076	0.272336	0.014105	0.33	0.172244	0.2321	0.0137	0	NA	NA	NA	NA	NA	NA	NA	NA	NA	NA	NA	NA	NA	NA	NA	NA	NA	NA	NA	NA	NA	NA	NA	NA	NA	NA	NA	NA	NA	NA	NA	NA
gpa_noDNA_gpc_seed1_model_2	0.83	NA	NA	0.52	NA	0.48	NA	0.38	0.14	NA	NA	0.71	NA	0.24	0.04	NA	NA	NA	NA	NA	NA	NA	NA	NA	NA	NA	NA	NA	0	0	0	0.24	0.132393	0.1294	0.0122	0	NA	NA	NA	NA	NA	NA	NA	NA	NA	NA	NA	NA	NA	NA	NA	NA	NA	NA	NA	NA	NA	NA	NA	NA	NA	NA	NA	NA	NA	NA	NA	NA
gpa_noDNA_gpc_seed1_model_3	0.82	NA	NA	0.53	NA	0.52	NA	0.42	0.14	NA	NA	0.81	NA	0.24	0.03	NA	NA	NA	NA	NA	NA	NA	NA	NA	NA	NA	NA	NA	0	0	0	0.24	0.128783	0.1619	0.0105	0	NA	NA	NA	NA	NA	NA	NA	NA	NA	NA	NA	NA	NA	NA	NA	NA	NA	NA	NA	NA	NA	NA	NA	NA	NA	NA	NA	NA	NA	NA	NA	NA
gpa_noDNA_gpc_seed1_model_4	0.83	NA	NA	0.53	NA	0.5	NA	0.41	0.12	NA	NA	0.79	NA	0.21	0.03	NA	NA	NA	NA	NA	NA	NA	NA	NA	NA	NA	NA	NA	0	0	0	0.21	0.12691	0.0477	0.0116	0	NA	NA	NA	NA	NA	NA	NA	NA	NA	NA	NA	NA	NA	NA	NA	NA	NA	NA	NA	NA	NA	NA	NA	NA	NA	NA	NA	NA	NA	NA	NA	NA
gpa_noDNA_gpc_seed2_model_0	0.83	NA	NA	0.53	NA	0.52	NA	0.43	0.12	NA	NA	0.83	NA	0.21	0.03	NA	NA	NA	NA	NA	NA	NA	NA	NA	NA	NA	NA	NA	0	0	0	0.21	0.115889	0.1816	0.0107	0	NA	NA	NA	NA	NA	NA	NA	NA	NA	NA	NA	NA	NA	NA	NA	NA	NA	NA	NA	NA	NA	NA	NA	NA	NA	NA	NA	NA	NA	NA	NA	NA
gpa_noDNA_gpc_seed2_model_1	0.84	NA	NA	0.54	NA	0.51	NA	0.43	0.11	NA	NA	0.83	NA	0.19	0.03	NA	NA	NA	NA	NA	NA	NA	NA	NA	NA	NA	NA	NA	0	0	0	0.19	0.110676	0.18	0.0104	0	NA	NA	NA	NA	NA	NA	NA	NA	NA	NA	NA	NA	NA	NA	NA	NA	NA	NA	NA	NA	NA	NA	NA	NA	NA	NA	NA	NA	NA	NA	NA	NA
gpa_noDNA_gpc_seed2_model_2	0.83	NA	NA	0.54	NA	0.5	NA	0.42	0.1	NA	NA	0.82	NA	0.18	0.02	NA	NA	NA	NA	NA	NA	NA	NA	NA	NA	NA	NA	NA	0	0	0	0.18	0.106934	0.1473	0.01	0	NA	NA	NA	NA	NA	NA	NA	NA	NA	NA	NA	NA	NA	NA	NA	NA	NA	NA	NA	NA	NA	NA	NA	NA	NA	NA	NA	NA	NA	NA	NA	NA
gpa_noDNA_gpc_seed2_model_3	0.83	NA	NA	0.53	NA	0.39	NA	0.32	0.09	NA	NA	0.62	NA	0.16	0.02	NA	NA	NA	NA	NA	NA	NA	NA	NA	NA	NA	NA	NA	0	0	0	0.16	0.102213	0.0862	0.0097	0	NA	NA	NA	NA	NA	NA	NA	NA	NA	NA	NA	NA	NA	NA	NA	NA	NA	NA	NA	NA	NA	NA	NA	NA	NA	NA	NA	NA	NA	NA	NA	NA
gpa_noDNA_gpc_seed2_model_4	0.85	NA	NA	0.54	NA	0.46	NA	0.42	0.07	NA	NA	0.81	NA	0.11	0.03	NA	NA	NA	NA	NA	NA	NA	NA	NA	NA	NA	NA	NA	0	0	0	0.11	0.08149	0.167	0.0094	0	NA	NA	NA	NA	NA	NA	NA	NA	NA	NA	NA	NA	NA	NA	NA	NA	NA	NA	NA	NA	NA	NA	NA	NA	NA	NA	NA	NA	NA	NA	NA	NA
gpa_noDNA_gpc_seed3_model_0	0.84	NA	NA	0.55	NA	0.54	NA	0.46	0.18	NA	NA	0.82	NA	0.27	0.09	NA	NA	NA	NA	NA	NA	NA	NA	NA	NA	NA	NA	NA	0	0	0	0.27	0.128259	0.2071	0.013	0	NA	NA	NA	NA	NA	NA	NA	NA	NA	NA	NA	NA	NA	NA	NA	NA	NA	NA	NA	NA	NA	NA	NA	NA	NA	NA	NA	NA	NA	NA	NA	NA
gpa_noDNA_gpc_seed3_model_1	0.81	NA	NA	0.54	NA	0.52	NA	0.42	0.13	NA	NA	0.81	NA	0.22	0.03	NA	NA	NA	NA	NA	NA	NA	NA	NA	NA	NA	NA	NA	0	0	0	0.22	0.120533	0.1973	0.0108	0	NA	NA	NA	NA	NA	NA	NA	NA	NA	NA	NA	NA	NA	NA	NA	NA	NA	NA	NA	NA	NA	NA	NA	NA	NA	NA	NA	NA	NA	NA	NA	NA
gpa_noDNA_gpc_seed3_model_2	0.82	NA	NA	0.55	NA	0.52	NA	0.43	0.12	NA	NA	0.83	NA	0.21	0.03	NA	NA	NA	NA	NA	NA	NA	NA	NA	NA	NA	NA	NA	0	0	0	0.21	0.114221	0.155	0.0101	0	NA	NA	NA	NA	NA	NA	NA	NA	NA	NA	NA	NA	NA	NA	NA	NA	NA	NA	NA	NA	NA	NA	NA	NA	NA	NA	NA	NA	NA	NA	NA	NA
gpa_noDNA_gpc_seed3_model_3	0.82	NA	NA	0.53	NA	0.48	NA	0.42	0.08	NA	NA	0.82	NA	0.13	0.02	NA	NA	NA	NA	NA	NA	NA	NA	NA	NA	NA	NA	NA	0	0	0	0.13	0.091605	0.0555	0.0096	0	NA	NA	NA	NA	NA	NA	NA	NA	NA	NA	NA	NA	NA	NA	NA	NA	NA	NA	NA	NA	NA	NA	NA	NA	NA	NA	NA	NA	NA	NA	NA	NA
gpa_noDNA_gpc_seed3_model_4	0.82	NA	NA	0.53	NA	0.46	NA	0.41	0.07	NA	NA	0.79	NA	0.13	0.02	NA	NA	NA	NA	NA	NA	NA	NA	NA	NA	NA	NA	NA	0	0	0	0.13	0.08952	0.0721	0.0094	0	NA	NA	NA	NA	NA	NA	NA	NA	NA	NA	NA	NA	NA	NA	NA	NA	NA	NA	NA	NA	NA	NA	NA	NA	NA	NA	NA	NA	NA	NA	NA	NA
gpa_noDNA_gpc_seed4_model_0	0.83	NA	NA	0.55	NA	0.29	NA	0.24	0.14	NA	NA	0.39	NA	0.19	0.08	NA	NA	NA	NA	NA	NA	NA	NA	NA	NA	NA	NA	NA	0	0	0	0.19	0.107288	0.1604	0.0104	0	NA	NA	NA	NA	NA	NA	NA	NA	NA	NA	NA	NA	NA	NA	NA	NA	NA	NA	NA	NA	NA	NA	NA	NA	NA	NA	NA	NA	NA	NA	NA	NA
gpa_noDNA_gpc_seed4_model_1	0.82	NA	NA	0.54	NA	0.5	NA	0.43	0.1	NA	NA	0.83	NA	0.17	0.02	NA	NA	NA	NA	NA	NA	NA	NA	NA	NA	NA	NA	NA	0	0	0	0.17	0.102622	0.154	0.01	0	NA	NA	NA	NA	NA	NA	NA	NA	NA	NA	NA	NA	NA	NA	NA	NA	NA	NA	NA	NA	NA	NA	NA	NA	NA	NA	NA	NA	NA	NA	NA	NA
gpa_noDNA_gpc_seed4_model_2	0.82	NA	NA	0.53	NA	0.5	NA	0.43	0.09	NA	NA	0.84	NA	0.16	0.02	NA	NA	NA	NA	NA	NA	NA	NA	NA	NA	NA	NA	NA	0	0	0	0.16	0.099757	0.1119	0.0103	0	NA	NA	NA	NA	NA	NA	NA	NA	NA	NA	NA	NA	NA	NA	NA	NA	NA	NA	NA	NA	NA	NA	NA	NA	NA	NA	NA	NA	NA	NA	NA	NA
gpa_noDNA_gpc_seed4_model_3	0.83	NA	NA	0.53	NA	0.48	NA	0.42	0.07	NA	NA	0.83	NA	0.13	0.02	NA	NA	NA	NA	NA	NA	NA	NA	NA	NA	NA	NA	NA	0	0	0	0.13	0.089351	0.0666	0.0093	0	NA	NA	NA	NA	NA	NA	NA	NA	NA	NA	NA	NA	NA	NA	NA	NA	NA	NA	NA	NA	NA	NA	NA	NA	NA	NA	NA	NA	NA	NA	NA	NA
gpa_noDNA_gpc_seed4_model_4	0.82	NA	NA	0.54	NA	0.48	NA	0.43	0.07	NA	NA	0.84	NA	0.12	0.02	NA	NA	NA	NA	NA	NA	NA	NA	NA	NA	NA	NA	NA	0	0	0	0.12	0.088679	0.0566	0.0094	0	NA	NA	NA	NA	NA	NA	NA	NA	NA	NA	NA	NA	NA	NA	NA	NA	NA	NA	NA	NA	NA	NA	NA	NA	NA	NA	NA	NA	NA	NA	NA	NA
gpa_noDNA_gpc_seed5_model_0	0.76	NA	NA	0.54	NA	0.51	NA	0.42	0.11	NA	NA	0.82	NA	0.19	0.02	NA	NA	NA	NA	NA	NA	NA	NA	NA	NA	NA	NA	NA	0	0	0	0.19	0.115754	0.0735	0.0102	0	NA	NA	NA	NA	NA	NA	NA	NA	NA	NA	NA	NA	NA	NA	NA	NA	NA	NA	NA	NA	NA	NA	NA	NA	NA	NA	NA	NA	NA	NA	NA	NA
gpa_noDNA_gpc_seed5_model_1	0.76	NA	NA	0.53	NA	0.5	NA	0.42	0.1	NA	NA	0.82	NA	0.17	0.02	NA	NA	NA	NA	NA	NA	NA	NA	NA	NA	NA	NA	NA	0	0	0	0.17	0.10893	0.0853	0.0097	0	NA	NA	NA	NA	NA	NA	NA	NA	NA	NA	NA	NA	NA	NA	NA	NA	NA	NA	NA	NA	NA	NA	NA	NA	NA	NA	NA	NA	NA	NA	NA	NA
gpa_noDNA_gpc_seed5_model_2	0.76	NA	NA	0.53	NA	0.51	NA	0.43	0.1	NA	NA	0.84	NA	0.18	0.02	NA	NA	NA	NA	NA	NA	NA	NA	NA	NA	NA	NA	NA	0	0	0	0.18	0.108501	0.074	0.0096	0	NA	NA	NA	NA	NA	NA	NA	NA	NA	NA	NA	NA	NA	NA	NA	NA	NA	NA	NA	NA	NA	NA	NA	NA	NA	NA	NA	NA	NA	NA	NA	NA
gpa_noDNA_gpc_seed5_model_3	0.8	NA	NA	0.54	NA	0.49	NA	0.44	0.1	NA	NA	0.83	NA	0.15	0.05	NA	NA	NA	NA	NA	NA	NA	NA	NA	NA	NA	NA	NA	0	0	0	0.15	0.0874	0.1446	0.0098	0	NA	NA	NA	NA	NA	NA	NA	NA	NA	NA	NA	NA	NA	NA	NA	NA	NA	NA	NA	NA	NA	NA	NA	NA	NA	NA	NA	NA	NA	NA	NA	NA
gpa_noDNA_gpc_seed5_model_4	0.81	NA	NA	0.54	NA	0.46	NA	0.41	0.1	NA	NA	0.77	NA	0.15	0.05	NA	NA	NA	NA	NA	NA	NA	NA	NA	NA	NA	NA	NA	0	0	0	0.15	0.089095	0.1825	0.0098	0	NA	NA	NA	NA	NA	NA	NA	NA	NA	NA	NA	NA	NA	NA	NA	NA	NA	NA	NA	NA	NA	NA	NA	NA	NA	NA	NA	NA	NA	NA	NA	NA
gpa_noDNA_gpc_seed6_model_0	0.82	NA	NA	0.53	NA	0.31	NA	0.25	0.15	NA	NA	0.41	NA	0.21	0.09	NA	NA	NA	NA	NA	NA	NA	NA	NA	NA	NA	NA	NA	0	0	0	0.21	0.12509	0.1739	0.0101	0	NA	NA	NA	NA	NA	NA	NA	NA	NA	NA	NA	NA	NA	NA	NA	NA	NA	NA	NA	NA	NA	NA	NA	NA	NA	NA	NA	NA	NA	NA	NA	NA
gpa_noDNA_gpc_seed6_model_1	0.82	NA	NA	0.53	NA	0.35	NA	0.27	0.12	NA	NA	0.5	NA	0.2	0.04	NA	NA	NA	NA	NA	NA	NA	NA	NA	NA	NA	NA	NA	0	0	0	0.2	0.123694	0.0758	0.0107	0	NA	NA	NA	NA	NA	NA	NA	NA	NA	NA	NA	NA	NA	NA	NA	NA	NA	NA	NA	NA	NA	NA	NA	NA	NA	NA	NA	NA	NA	NA	NA	NA
gpa_noDNA_gpc_seed6_model_2	0.81	NA	NA	0.54	NA	0.51	NA	0.43	0.11	NA	NA	0.83	NA	0.19	0.03	NA	NA	NA	NA	NA	NA	NA	NA	NA	NA	NA	NA	NA	0	0	0	0.19	0.119659	0.0839	0.0107	0	NA	NA	NA	NA	NA	NA	NA	NA	NA	NA	NA	NA	NA	NA	NA	NA	NA	NA	NA	NA	NA	NA	NA	NA	NA	NA	NA	NA	NA	NA	NA	NA
gpa_noDNA_gpc_seed6_model_3	0.81	NA	NA	0.53	NA	0.51	NA	0.43	0.1	NA	NA	0.84	NA	0.18	0.02	NA	NA	NA	NA	NA	NA	NA	NA	NA	NA	NA	NA	NA	0	0	0	0.18	0.114387	0.0509	0.0099	0	NA	NA	NA	NA	NA	NA	NA	NA	NA	NA	NA	NA	NA	NA	NA	NA	NA	NA	NA	NA	NA	NA	NA	NA	NA	NA	NA	NA	NA	NA	NA	NA
gpa_noDNA_gpc_seed6_model_4	0.82	NA	NA	0.53	NA	0.47	NA	0.42	0.07	NA	NA	0.83	NA	0.12	0.02	NA	NA	NA	NA	NA	NA	NA	NA	NA	NA	NA	NA	NA	0	0	0	0.12	0.085636	0.0807	0.0093	0	NA	NA	NA	NA	NA	NA	NA	NA	NA	NA	NA	NA	NA	NA	NA	NA	NA	NA	NA	NA	NA	NA	NA	NA	NA	NA	NA	NA	NA	NA	NA	NA
gpa_noDNA_gpc_seed7_model_0	0.83	NA	NA	0.51	NA	0.52	NA	0.44	0.14	NA	NA	0.82	NA	0.22	0.06	NA	NA	NA	NA	NA	NA	NA	NA	NA	NA	NA	NA	NA	0	0	0	0.22	0.113048	0.112	0.0117	0	NA	NA	NA	NA	NA	NA	NA	NA	NA	NA	NA	NA	NA	NA	NA	NA	NA	NA	NA	NA	NA	NA	NA	NA	NA	NA	NA	NA	NA	NA	NA	NA
gpa_noDNA_gpc_seed7_model_1	0.83	NA	NA	0.52	NA	0.53	NA	0.45	0.13	NA	NA	0.85	NA	0.2	0.05	NA	NA	NA	NA	NA	NA	NA	NA	NA	NA	NA	NA	NA	0	0	0	0.2	0.110301	0.091	0.0114	0	NA	NA	NA	NA	NA	NA	NA	NA	NA	NA	NA	NA	NA	NA	NA	NA	NA	NA	NA	NA	NA	NA	NA	NA	NA	NA	NA	NA	NA	NA	NA	NA
gpa_noDNA_gpc_seed7_model_2	0.81	NA	NA	0.51	NA	0.5	NA	0.42	0.1	NA	NA	0.81	NA	0.18	0.03	NA	NA	NA	NA	NA	NA	NA	NA	NA	NA	NA	NA	NA	0	0	0	0.18	0.106021	0.1327	0.0097	0	NA	NA	NA	NA	NA	NA	NA	NA	NA	NA	NA	NA	NA	NA	NA	NA	NA	NA	NA	NA	NA	NA	NA	NA	NA	NA	NA	NA	NA	NA	NA	NA
gpa_noDNA_gpc_seed7_model_3	0.81	NA	NA	0.49	NA	0.5	NA	0.42	0.09	NA	NA	0.83	NA	0.16	0.02	NA	NA	NA	NA	NA	NA	NA	NA	NA	NA	NA	NA	NA	0	0	0	0.16	0.102204	0.1994	0.0098	0	NA	NA	NA	NA	NA	NA	NA	NA	NA	NA	NA	NA	NA	NA	NA	NA	NA	NA	NA	NA	NA	NA	NA	NA	NA	NA	NA	NA	NA	NA	NA	NA
gpa_noDNA_gpc_seed7_model_4	0.82	NA	NA	0.51	NA	0.45	NA	0.41	0.06	NA	NA	0.8	NA	0.1	0.02	NA	NA	NA	NA	NA	NA	NA	NA	NA	NA	NA	NA	NA	0	0	0	0.1	0.078268	0.1716	0.0091	0	NA	NA	NA	NA	NA	NA	NA	NA	NA	NA	NA	NA	NA	NA	NA	NA	NA	NA	NA	NA	NA	NA	NA	NA	NA	NA	NA	NA	NA	NA	NA	NA
gpa_noDNA_gpc_seed8_model_0	0.84	NA	NA	0.54	NA	0.54	NA	0.46	0.14	NA	NA	0.86	NA	0.21	0.06	NA	NA	NA	NA	NA	NA	NA	NA	NA	NA	NA	NA	NA	0	0	0	0.21	0.117051	0.1121	0.0113	0	NA	NA	NA	NA	NA	NA	NA	NA	NA	NA	NA	NA	NA	NA	NA	NA	NA	NA	NA	NA	NA	NA	NA	NA	NA	NA	NA	NA	NA	NA	NA	NA
gpa_noDNA_gpc_seed8_model_1	0.84	NA	NA	0.54	NA	0.52	NA	0.44	0.12	NA	NA	0.84	NA	0.19	0.04	NA	NA	NA	NA	NA	NA	NA	NA	NA	NA	NA	NA	NA	0	0	0	0.19	0.111781	0.0935	0.0108	0	NA	NA	NA	NA	NA	NA	NA	NA	NA	NA	NA	NA	NA	NA	NA	NA	NA	NA	NA	NA	NA	NA	NA	NA	NA	NA	NA	NA	NA	NA	NA	NA
gpa_noDNA_gpc_seed8_model_2	0.84	NA	NA	0.53	NA	0.49	NA	0.42	0.09	NA	NA	0.82	NA	0.17	0.02	NA	NA	NA	NA	NA	NA	NA	NA	NA	NA	NA	NA	NA	0	0	0	0.17	0.098272	0.0691	0.0095	0	NA	NA	NA	NA	NA	NA	NA	NA	NA	NA	NA	NA	NA	NA	NA	NA	NA	NA	NA	NA	NA	NA	NA	NA	NA	NA	NA	NA	NA	NA	NA	NA
gpa_noDNA_gpc_seed8_model_3	0.85	NA	NA	0.52	NA	0.49	NA	0.42	0.09	NA	NA	0.82	NA	0.15	0.02	NA	NA	NA	NA	NA	NA	NA	NA	NA	NA	NA	NA	NA	0	0	0	0.15	0.099682	0.0723	0.0099	0	NA	NA	NA	NA	NA	NA	NA	NA	NA	NA	NA	NA	NA	NA	NA	NA	NA	NA	NA	NA	NA	NA	NA	NA	NA	NA	NA	NA	NA	NA	NA	NA
gpa_noDNA_gpc_seed8_model_4	0.83	NA	NA	0.54	NA	0.47	NA	0.42	0.07	NA	NA	0.83	NA	0.12	0.01	NA	NA	NA	NA	NA	NA	NA	NA	NA	NA	NA	NA	NA	0	0	0	0.12	0.088388	0.0221	0.0096	0	NA	NA	NA	NA	NA	NA	NA	NA	NA	NA	NA	NA	NA	NA	NA	NA	NA	NA	NA	NA	NA	NA	NA	NA	NA	NA	NA	NA	NA	NA	NA	NA
gpa_noDNA_gpc_seed9_model_0	0.84	NA	NA	0.53	NA	0.42	NA	0.35	0.14	NA	NA	0.63	NA	0.21	0.06	NA	NA	NA	NA	NA	NA	NA	NA	NA	NA	NA	NA	NA	0	0	0	0.21	0.11818	0.1957	0.0107	0	NA	NA	NA	NA	NA	NA	NA	NA	NA	NA	NA	NA	NA	NA	NA	NA	NA	NA	NA	NA	NA	NA	NA	NA	NA	NA	NA	NA	NA	NA	NA	NA
gpa_noDNA_gpc_seed9_model_1	0.85	NA	NA	0.55	NA	0.49	NA	0.44	0.11	NA	NA	0.82	NA	0.16	0.05	NA	NA	NA	NA	NA	NA	NA	NA	NA	NA	NA	NA	NA	0	0	0	0.16	0.093896	0.2107	0.0105	0	NA	NA	NA	NA	NA	NA	NA	NA	NA	NA	NA	NA	NA	NA	NA	NA	NA	NA	NA	NA	NA	NA	NA	NA	NA	NA	NA	NA	NA	NA	NA	NA
gpa_noDNA_gpc_seed9_model_2	0.83	NA	NA	0.53	NA	0.46	NA	0.39	0.09	NA	NA	0.76	NA	0.16	0.03	NA	NA	NA	NA	NA	NA	NA	NA	NA	NA	NA	NA	NA	0	0	0	0.16	0.102325	0.1338	0.0098	0	NA	NA	NA	NA	NA	NA	NA	NA	NA	NA	NA	NA	NA	NA	NA	NA	NA	NA	NA	NA	NA	NA	NA	NA	NA	NA	NA	NA	NA	NA	NA	NA
gpa_noDNA_gpc_seed9_model_3	0.84	NA	NA	0.54	NA	0.45	NA	0.41	0.06	NA	NA	0.8	NA	0.11	0.02	NA	NA	NA	NA	NA	NA	NA	NA	NA	NA	NA	NA	NA	0	0	0	0.11	0.082968	0.0723	0.0096	0	NA	NA	NA	NA	NA	NA	NA	NA	NA	NA	NA	NA	NA	NA	NA	NA	NA	NA	NA	NA	NA	NA	NA	NA	NA	NA	NA	NA	NA	NA	NA	NA
gpa_noDNA_gpc_seed9_model_4	0.84	NA	NA	0.53	NA	0.46	NA	0.41	0.06	NA	NA	0.81	NA	0.11	0.02	NA	NA	NA	NA	NA	NA	NA	NA	NA	NA	NA	NA	NA	0	0	0	0.11	0.081371	0.2276	0.0091	0	NA	NA	NA	NA	NA	NA	NA	NA	NA	NA	NA	NA	NA	NA	NA	NA	NA	NA	NA	NA	NA	NA	NA	NA	NA	NA	NA	NA	NA	NA	NA	NA
gpa_ssDNA_30nt_2rep_gpc_seed10_model_0	0.77	0.12	NA	0.41	0.78	0.24	0.14	0.08	0.09	0.19	0.28	0.13	0.01	0.12	0.02	0.53	0.02	0.2	0.29	0.12	0.022592	0.279703	0.099308	0.13	0.151359	0.0768	0.0129	0.0192	0	0	0	0.12	0.084887	0.0671	0.0088	0	0.26729	0.691815	0.434635	0.53	0.421958	0.1773	0.0191	0.2225	0	0	0	0.02	0.017037	0	0	0	0	0	0	0.2	0.127834	0.0463	0.0089	0	0.019723	0.29618	0.019723	0.12	0.153101	0.0697	0.0115	0
gpa_ssDNA_30nt_2rep_gpc_seed10_model_1	0.77	0.13	NA	0.39	0.78	0.32	0.15	0.19	0.07	0.185	0.3	0.55	0.04	0.08	0.01	0.51	0.02	0.13	0.28	0.24	0.021878	0.273129	0.075765	0.55	0.151913	0.0865	0.0129	0.0312	0	0	0	0.08	0.074284	0.0232	0.0082	0	0.219155	0.657555	0.375686	0.51	0.39247	0.2023	0.0217	0.1812	0	0	0	0.01	0.017245	0	0	0	0	0	0	0.13	0.095897	0.1486	0.009	0	0.01842	0.281861	0.01842	0.24	0.144951	0.065	0.0127	0
gpa_ssDNA_30nt_2rep_gpc_seed10_model_2	0.77	0.14	NA	0.38	0.775	0.23	0.17	0.12	0.07	0.21	0.32	0.08	0.03	0.1	0.01	0.51	0.03	0.11	0.27	0.37	0.022928	0.28128	0.086778	0.08	0.158107	0.0754	0.0141	0.0538	0	0	0	0.1	0.079313	0.051	0.0086	0	0.231238	0.64311	0.371946	0.51	0.395098	0.1254	0.056	0.1865	0	0	0	0.01	0.018074	0.0211	0.008	0	0	0	0	0.11	0.092591	0.0772	0.0086	0	0.019705	0.295505	0.019705	0.37	0.144811	0.0544	0.013	0
gpa_ssDNA_30nt_2rep_gpc_seed10_model_3	0.78	0.13	NA	0.39	0.765	0.32	0.13	0.19	0.08	0.19	0.29	0.58	0.03	0.08	0.02	0.52	0.02	0.19	0.24	0.26	0.022457	0.277909	0.100482	0.58	0.153722	0.0725	0.0122	0.0292	0	0	0	0.08	0.073968	0.0245	0.0087	0	0.25544	0.654384	0.391628	0.52	0.414486	0.142	0.027	0.1964	0	0	0	0.02	0.016978	0	0	0	0	0	0	0.19	0.125241	0.0484	0.009	0	0.021878	0.318362	0.04195	0.26	0.146939	0.0521	0.013	0
gpa_ssDNA_30nt_2rep_gpc_seed10_model_4	0.75	0.11	NA	0.37	0.78	0.26	0.14	0.16	0.07	0.16	0.22	0.55	0.01	0.1	0.01	0.26	0.02	0.12	0.33	0.13	0.01842	0.240791	0.01842	0.55	0.121175	0.0506	0.0103	0	0	0	0	0.1	0.079179	0.0272	0.0085	0	0	0	0	0.26	0.175512	0.136	0.0097	0	0	0	0	0.01	0.017526	0	0	0	0	0	0	0.12	0.09524	0.0999	0.0087	0	0.019723	0.29618	0.019723	0.13	0.167936	0.0814	0.0125	0
gpa_ssDNA_30nt_2rep_gpc_seed1_model_0	0.72	0.12	NA	0.45	0.765	0.38	0.14	0.24	0.1	0.18	0.33	0.78	0.04	0.18	0.02	0.46	0.03	0.17	0.2	0.24	0	0	0	0.78	0.160166	0.0745	0.0111	0	0	0	0	0.18	0.104029	0.042	0.0092	0	0.213828	0.704774	0.363842	0.46	0.364876	0.1126	0.0328	0.2267	0	0	0	0.02	0.01882	0	0	0	0	0	0	0.17	0.110887	0.0455	0.0091	0	0	0	0	0.24	0.131226	0	0	0
gpa_ssDNA_30nt_2rep_gpc_seed1_model_1	0.71	0.11	NA	0.47	0.77	0.35	0.14	0.23	0.08	0.185	0.23	0.77	0.01	0.14	0.03	0.48	0.03	0.11	0.24	0.24	0	0	0	0.77	0.124869	0.0536	0.01	0	0	0	0	0.14	0.088742	0.097	0.0091	0	0.250225	0.703431	0.369749	0.48	0.382661	0.1574	0.0281	0.2727	0	0	0	0.03	0.018222	0	0	0	0	0	0	0.11	0.09092	0	0	0	0	0	0	0.24	0.130361	0.0763	0.0108	0
gpa_ssDNA_30nt_2rep_gpc_seed1_model_2	0.71	0.12	NA	0.43	0.78	0.32	0.13	0.22	0.08	0.185	0.21	0.73	0.02	0.08	0.01	0.46	0.02	0.15	0.32	0.23	0	0	0	0.73	0.119173	0.06	0.0101	0	0	0	0	0.08	0.071151	0	0	0	0.215892	0.700643	0.318582	0.46	0.360887	0.1457	0.0301	0.2411	0	0	0	0.01	0.01731	0	0	0	0	0	0	0.15	0.112983	0.0363	0.0088	0	0.023121	0.331124	0.024332	0.23	0.166798	0.0621	0.0132	0
gpa_ssDNA_30nt_2rep_gpc_seed1_model_3	0.7	0.11	NA	0.44	0.78	0.33	0.13	0.22	0.09	0.19	0.19	0.74	0.01	0.14	0.02	0.44	0.03	0.15	0.33	0.22	0	0	0	0.74	0.113772	0.0433	0.0101	0	0	0	0	0.14	0.09042	0.0319	0.0089	0	0.201521	0.68208	0.279913	0.44	0.346426	0.1149	0.0231	0.2097	0	0	0	0.02	0.018105	0	0	0	0	0	0	0.15	0.103951	0.0927	0.009	0	0.022113	0.321097	0.075391	0.22	0.172463	0.0576	0.0139	0
gpa_ssDNA_30nt_2rep_gpc_seed1_model_4	0.7	0.11	NA	0.41	0.77	0.33	0.12	0.22	0.11	0.19	0.18	0.75	0.01	0.16	0.02	0.43	0.02	0.19	0.25	0.21	0	0	0	0.75	0.106961	0.0414	0.0096	0	0	0	0	0.16	0.095034	0.0368	0.0091	0	0.197791	0.688906	0.266147	0.43	0.338093	0.1218	0.0454	0.2151	0	0	0	0.02	0.017781	0	0	0	0	0	0	0.19	0.118037	0.0904	0.0092	0	0	0	0	0.21	0.135329	0.0617	0.0115	0
gpa_ssDNA_30nt_2rep_gpc_seed2_model_0	0.45	0.11	NA	0.4	0.78	0.17	0.12	0.13	0.08	0.19	0.13	0.08	0.03	0.17	0.01	0.32	0.02	0.11	0.29	0.44	0	0	0	0.08	0.087236	0.0315	0.0093	0	0	0	0	0.17	0.114181	0.0487	0.0086	0	0.202757	0.670607	0.252458	0.32	0.270033	0.3283	0.0165	0.2333	0	0	0	0.01	0.017911	0	0	0	0	0	0	0.11	0.092674	0.0522	0.0087	0	0.017934	0.276386	0.017934	0.44	0.156533	0.0694	0.0125	0
gpa_ssDNA_30nt_2rep_gpc_seed2_model_1	0.45	0.11	NA	0.44	0.785	0.28	0.11	0.16	0.08	0.155	0.19	0.56	0.01	0.18	0.02	0.33	0.03	0.1	0.24	0.12	0	0	0	0.56	0.110132	0.0322	0.0093	0	0	0	0	0.18	0.119994	0.0674	0.009	0	0.262069	0.712295	0.302013	0.33	0.284779	0.1483	0.0178	0.3005	0	0	0	0.02	0.018375	0	0	0	0	0	0	0.1	0.090869	0.0183	0.0081	0	0	0	0	0.12	0.135528	0.0594	0.0109	0
gpa_ssDNA_30nt_2rep_gpc_seed2_model_2	0.43	0.11	NA	0.43	0.76	0.27	0.09	0.17	0.08	0.14500000000000002	0.14	0.62	0.02	0.16	0.02	0.32	0.03	0.12	0.15	0.12	0	0	0	0.62	0.086337	0.0226	0.0084	0	0	0	0	0.16	0.111606	0.0332	0.0087	0	0.249423	0.716228	0.291681	0.32	0.276282	0.2113	0.0175	0.2842	0	0	0	0.02	0.018654	0.0187	0.0078	0	0	0	0	0.12	0.097037	0.0322	0.0088	0	0	0	0	0.12	0.101477	0.0258	0.0095	0
gpa_ssDNA_30nt_2rep_gpc_seed2_model_3	0.42	0.1	NA	0.42	0.785	0.27	0.12	0.17	0.09	0.155	0.15	0.6	0.01	0.18	0.02	0.3	0.02	0.12	0.28	0.1	0	0	0	0.6	0.09639	0.0323	0.0102	0	0.004545	0.250877	0.004545	0.18	0.121384	0.0538	0.0087	0	0.193858	0.655362	0.234385	0.3	0.256615	0.1413	0.0131	0.1984	0	0	0	0.02	0.017625	0	0	0	0	0	0	0.12	0.095623	0	0	0	0.020867	0.308317	0.020867	0.1	0.157585	0.0599	0.0128	0
gpa_ssDNA_30nt_2rep_gpc_seed2_model_4	0.43	0.11	NA	0.43	0.78	0.26	0.1	0.16	0.08	0.15	0.1	0.57	0	0.19	0.02	0.31	0.02	0.1	0.26	0.11	0	0	0	0.57	0.077465	0.0184	0.0078	0	0.004669	0.256025	0.004669	0.19	0.126224	0.0645	0.0091	0	0.23902	0.706228	0.299018	0.31	0.271214	0.2237	0.0197	0.2688	0	0	0	0.02	0.016882	0	0	0	0	0	0	0.1	0.090437	0.0251	0.0086	0	0	0	0	0.11	0.145422	0.0919	0.0118	0
gpa_ssDNA_30nt_2rep_gpc_seed3_model_0	0.76	0.15	NA	0.42	0.78	0.39	0.17	0.25	0.09	0.21000000000000002	0.38	0.75	0.07	0.1	0.02	0.55	0.02	0.2	0.27	0.3	0.085635	0.327149	0.247576	0.75	0.207294	0.0994	0.0166	0.0695	0	0	0	0.1	0.080692	0.0352	0.0088	0	0.313196	0.716615	0.510691	0.55	0.455856	0.1433	0.0297	0.2582	0	0	0	0.02	0.017109	0	0	0	0	0	0	0.2	0.130474	0.0573	0.0091	0	0.023121	0.331124	0.126436	0.3	0.168649	0.118	0.0158	0
gpa_ssDNA_30nt_2rep_gpc_seed3_model_1	0.76	0.15	NA	0.42	0.785	0.4	0.18	0.25	0.07	0.19999999999999998	0.4	0.75	0.07	0.11	0.02	0.55	0.03	0.12	0.31	0.31	0.139876	0.349582	0.269084	0.75	0.214851	0.1039	0.0184	0.0793	0	0	0	0.11	0.082181	0.0403	0.0085	0	0.312282	0.728013	0.512558	0.55	0.45603900000000003	0.1618	0.0297	0.2562	0	0	0	0.02	0.018058	0.0183	0.008	0	0	0	0	0.12	0.096128	0.0616	0.0089	0	0.019451	0.293242	0.019451	0.31	0.160986	0.0765	0.0128	0
gpa_ssDNA_30nt_2rep_gpc_seed3_model_2	0.76	0.15	NA	0.43	0.78	0.4	0.23	0.25	0.09	0.23	0.42	0.76	0.08	0.09	0.02	0.55	0.02	0.19	0.35	0.3	0.160492	0.364613	0.29124100000000003	0.76	0.23284	0.0936	0.0213	0.0848	0	0	0	0.09	0.076285	0.0305	0.0083	0	0.315881	0.713254	0.511312	0.55	0.459071	0.1247	0.0581	0.2575	0	0	0	0.02	0.017777	0	0	0	0	0	0	0.19	0.126983	0.0252	0.0091	0	0.022778	0.327739	0.126596	0.3	0.17821	0.0735	0.015	0
gpa_ssDNA_30nt_2rep_gpc_seed3_model_3	0.76	0.11	NA	0.43	0.775	0.35	0.13	0.22	0.07	0.19	0.24	0.69	0.01	0.13	0.02	0.55	0.02	0.11	0.19	0.28	0.021948	0.273877	0.06634	0.69	0.151353	0.0536	0.0108	0.0083	0	0	0	0.13	0.090033	0.0652	0.0095	0	0.316134	0.717161	0.514181	0.55	0.453888	0.1536	0.0564	0.2649	0	0	0	0.02	0.017513	0	0	0	0	0	0	0.11	0.09167	0	0	0	0	0	0	0.28	0.129875	0.0451	0.0106	0
gpa_ssDNA_30nt_2rep_gpc_seed3_model_4	0.75	0.14	NA	0.41	0.755	0.37	0.19	0.24	0.09	0.21500000000000002	0.37	0.72	0.07	0.09	0.01	0.53	0.02	0.21	0.37	0.27	0.089606	0.337821	0.243676	0.72	0.204254	0.093	0.0139	0.0789	0	0	0	0.09	0.075164	0.0183	0.0087	0	0.281121	0.691343	0.457078	0.53	0.429556	0.1687	0.0248	0.2292	0	0	0	0.01	0.017636	0.0183	0.0079	0	0	0	0	0.21	0.132492	0.0293	0.0091	0	0.022026	0.319262	0.132574	0.27	0.192473	0.131	0.0147	0.0083
gpa_ssDNA_30nt_2rep_gpc_seed4_model_0	0.73	0.13	NA	0.45	0.73	0.23	0.15	0.13	0.09	0.21000000000000002	0.3	0.08	0	0.19	0.01	0.45	0.03	0.11	0.23	0.49	0.021316	0.26876100000000003	0.053152	0.08	0.165948	0.0414	0.0112	0	0	0	0	0.19	0.104831	0.1011	0.0097	0	0.210691	0.664006	0.259631	0.45	0.356678	0.173	0.0211	0.2211	0	0	0	0.01	0.018736	0	0	0	0	0	0	0.11	0.096056	0	0	0	0	0	0	0.49	0.131223	0.0911	0.0119	0
gpa_ssDNA_30nt_2rep_gpc_seed4_model_1	0.73	0.14	NA	0.41	0.745	0.21	0.17	0.12	0.08	0.21000000000000002	0.29	0.07	0.03	0.13	0.01	0.43	0.03	0.14	0.29	0.43	0.019959	0.25585	0.046864	0.07	0.158843	0.0515	0.0114	0	0	0	0	0.13	0.085491	0.0434	0.0086	0	0.167752	0.634297	0.21702	0.43	0.331754	0.0997	0.0294	0.1682	0	0	0	0.01	0.017945	0	0	0	0	0	0	0.14	0.103713	0.0508	0.009	0	0.02436	0.340695	0.167221	0.43	0.160015	0.1006	0.0135	0.0275
gpa_ssDNA_30nt_2rep_gpc_seed4_model_2	0.73	0.13	NA	0.43	0.74	0.32	0.13	0.2	0.1	0.185	0.21	0.66	0.02	0.13	0.02	0.43	0.03	0.17	0.26	0.2	0	0	0	0.66	0.12075	0.0399	0.011	0	0	0	0	0.13	0.086437	0.0431	0.0087	0	0.179085	0.651924	0.226487	0.43	0.335592	0.1232	0.0496	0.1788	0	0	0	0.02	0.018285	0	0	0	0	0	0	0.17	0.113999	0.0937	0.0091	0	0.024553	0.343374	0.160986	0.2	0.160714	0.0507	0.0128	0.0167
gpa_ssDNA_30nt_2rep_gpc_seed4_model_3	0.72	0.13	NA	0.42	0.725	0.33	0.14	0.21	0.08	0.175	0.29	0.7	0.03	0.08	0.01	0.44	0.02	0.16	0.22	0.21	0.021826	0.273485	0.053567	0.7	0.156689	0.1008	0.0129	0	0	0	0	0.08	0.073013	0.0401	0.0086	0	0.180171	0.659901	0.243819	0.44	0.335235	0.1191	0.024	0.1794	0	0	0	0.01	0.017513	0	0	0	0	0	0	0.16	0.113124	0.021	0.0087	0	0.023473	0.334554	0.057481	0.21	0.142937	0.0484	0.0139	0
gpa_ssDNA_30nt_2rep_gpc_seed4_model_4	0.72	0.12	NA	0.42	0.74	0.33	0.14	0.2	0.09	0.18	0.25	0.69	0.02	0.12	0.02	0.44	0.02	0.2	0.3	0.2	0.017698	0.233433	0.017698	0.69	0.139097	0.0647	0.011	0	0	0	0	0.12	0.085712	0.0433	0.0089	0	0.207511	0.674166	0.270953	0.44	0.346866	0.1347	0.0265	0.2258	0	0	0	0.02	0.017201	0	0	0	0	0	0	0.2	0.125781	0.0458	0.0092	0	0.022595	0.325645	0.110568	0.2	0.161593	0.1335	0.0128	0
gpa_ssDNA_30nt_2rep_gpc_seed5_model_0	0.55	0.12	NA	0.44	0.76	0.23	0.13	0.11	0.11	0.175	0.26	0.19	0	0.2	0.02	0.36	0.03	0.16	0.23	0.25	0	0	0	0.19	0.139555	0.0431	0.01	0	0.005076	0.272336	0.005076	0.2	0.132368	0.0484	0.0089	0	0.130378	0.549461	0.202333	0.36	0.240337	0.2452	0.0153	0.091	0	0	0	0.02	0.02045	0.0187	0.0081	0	0	0	0	0.16	0.114883	0.0226	0.0092	0	0	0	0	0.25	0.13265	0.0688	0.0117	0
gpa_ssDNA_30nt_2rep_gpc_seed5_model_1	0.56	0.11	NA	0.43	0.77	0.27	0.1	0.17	0.08	0.145	0.15	0.6	0.01	0.14	0.01	0.31	0.03	0.12	0.23	0.12	0	0	0	0.6	0.092695	0.0344	0.0094	0	0	0	0	0.14	0.099916	0.0319	0.0087	0	0.125347	0.520545	0.163469	0.31	0.243556	0.4014	0.0116	0.0913	0	0	0	0.01	0.018376	0	0	0	0	0	0	0.12	0.096521	0.0822	0.0087	0	0.01842	0.281861	0.01842	0.12	0.140242	0.065	0.012	0
gpa_ssDNA_30nt_2rep_gpc_seed5_model_2	0.56	0.13	NA	0.47	0.765	0.29	0.12	0.17	0.1	0.15	0.24	0.6	0.02	0.18	0.02	0.29	0.03	0.16	0.23	0.11	0	0	0	0.6	0.129973	0.0352	0.0095	0	0.005079	0.272413	0.005079	0.18	0.126886	0.0395	0.0088	0	0.12572	0.575726	0.176604	0.29	0.234724	0.1641	0.015	0.1063	0	0	0	0.02	0.019777	0.0189	0.0077	0	0	0	0	0.16	0.113655	0.0574	0.0092	0	0	0	0	0.11	0.133339	0.0611	0.0117	0
gpa_ssDNA_30nt_2rep_gpc_seed5_model_3	0.54	0.12	NA	0.46	0.76	0.27	0.14	0.16	0.09	0.15000000000000002	0.24	0.6	0.01	0.15	0.02	0.22	0.03	0.12	0.31	0.09	0.01867	0.243313	0.01867	0.6	0.134951	0.0452	0.0107	0	0	0	0	0.15	0.100864	0.0314	0.0088	0	0	0	0	0.22	0.155482	0.0722	0.0092	0	0	0	0	0.02	0.018737	0.0187	0.008	0	0	0	0	0.12	0.099126	0.029	0.0085	0	0.021169	0.311451	0.021169	0.09	0.16187000000000001	0.0954	0.0122	0
gpa_ssDNA_30nt_2rep_gpc_seed5_model_4	0.57	0.13	NA	0.45	0.76	0.27	0.14	0.16	0.09	0.135	0.29	0.57	0.02	0.2	0.02	0.14	0.04	0.1	0.26	0.11	0.019867	0.255151	0.019867	0.57	0.151844	0.0451	0.0101	0	0.005566	0.289418	0.005566	0.2	0.132021	0.0573	0.0089	0	0	0	0	0.14	0.124452	0.226	0.0091	0	0	0	0	0.02	0.020856	0.0201	0.0085	0	0	0	0	0.1	0.091402	0	0	0	0.021982	0.319427	0.048967	0.11	0.149267	0.1307	0.0131	0
gpa_ssDNA_30nt_2rep_gpc_seed6_model_0	0.53	0.15	NA	0.37	0.755	0.35	0.18	0.22	0.09	0.15500000000000003	0.35	0.77	0.1	0.18	0.01	0.28	0.03	0.13	0.2	0.13	0.2015	0.417623	0.253032	0.77	0.21572	0.0335	0.0151	0.1187	0.004545	0.250877	0.004545	0.18	0.117339	0.0299	0.0095	0	0.096301	0.481121	0.119437	0.28	0.217114	0.3293	0.0107	0.0702	0	0	0	0.01	0.019183	0	0	0	0	0	0	0.13	0.100691	0.0289	0.0085	0	0	0	0	0.13	0.122935	0.0516	0.0108	0
gpa_ssDNA_30nt_2rep_gpc_seed6_model_1	0.52	0.14	NA	0.37	0.76	0.34	0.16	0.21	0.08	0.165	0.3	0.74	0.08	0.16	0.01	0.27	0.03	0.11	0.3	0.1	0.119737	0.366389	0.185348	0.74	0.192001	0.0449	0.0168	0.0948	0	0	0	0.16	0.110448	0.0313	0.0086	0	0.08793	0.461498	0.107421	0.27	0.21192	0.1881	0.0106	0.0655	0	0	0	0.01	0.018126	0	0	0	0	0	0	0.11	0.0932	0.0205	0.0084	0	0.023121	0.331124	0.023121	0.1	0.160398	0.102	0.0129	0
gpa_ssDNA_30nt_2rep_gpc_seed6_model_2	0.5	0.14	NA	0.34	0.78	0.2	0.14	0.09	0.09	0.16	0.29	0.12	0.01	0.17	0.02	0.27	0.03	0.11	0.24	0.22	0.084438	0.33657	0.137812	0.12	0.169024	0.0311	0.014	0.0841	0	0	0	0.17	0.112322	0.0313	0.0088	0	0.082879	0.461689	0.103491	0.27	0.209835	0.2615	0.0109	0.0523	0	0	0	0.02	0.019666	0.019	0.0079	0	0	0	0	0.11	0.092057	0.0476	0.0085	0	0	0	0	0.22	0.135043	0.0873	0.011	0
gpa_ssDNA_30nt_2rep_gpc_seed6_model_3	0.54	0.14	NA	0.37	0.775	0.34	0.18	0.21	0.09	0.155	0.34	0.73	0.09	0.18	0.01	0.29	0.03	0.13	0.27	0.13	0.142469	0.345381	0.169676	0.73	0.192632	0.0616	0.0131	0.0988	0.004866	0.264014	0.004866	0.18	0.117212	0.0366	0.0088	0	0.067436	0.425293	0.085827	0.29	0.210424	0.1637	0.0109	0.0478	0	0	0	0.01	0.018942	0	0	0	0	0	0	0.13	0.097404	0.0458	0.0088	0	0.020283	0.30217	0.020283	0.13	0.143636	0.0643	0.0121	0
gpa_ssDNA_30nt_2rep_gpc_seed6_model_4	0.51	0.14	NA	0.38	0.78	0.31	0.16	0.21	0.08	0.135	0.34	0.75	0.11	0.17	0.01	0.16	0.03	0.1	0.21	0.09	0.177989	0.372919	0.195464	0.75	0.204042	0.0342	0.0133	0.1115	0	0	0	0.17	0.112076	0.0344	0.0089	0	0	0	0	0.16	0.134092	0.095	0.0091	0	0	0	0	0.01	0.01952	0	0	0	0	0	0	0.1	0.088498	0.0386	0.0084	0	0	0	0	0.09	0.124919	0.0514	0.0107	0
gpa_ssDNA_30nt_2rep_gpc_seed7_model_0	0.69	0.12	NA	0.48	0.765	0.34	0.16	0.21	0.11	0.185	0.26	0.66	0.02	0.24	0.07	0.42	0.03	0.12	0.3	0.2	0.017934	0.235851	0.017934	0.66	0.141605	0.0424	0.0103	0	0	0	0	0.24	0.120614	0.1073	0.0107	0	0.15891	0.641465	0.2174	0.42	0.317146	0.1162	0.0181	0.1704	0	0	0	0.07	0.018833	0	0	0	0	0	0	0.12	0.097242	0	0	0	0.019451	0.293242	0.019451	0.2	0.155716	0.0611	0.0126	0
gpa_ssDNA_30nt_2rep_gpc_seed7_model_1	0.7	0.12	NA	0.46	0.76	0.32	0.12	0.21	0.08	0.16499999999999998	0.24	0.7	0.02	0.12	0.03	0.41	0.03	0.11	0.19	0.2	0	0	0	0.7	0.128824	0.0657	0.0111	0	0	0	0	0.12	0.083954	0.0774	0.0094	0	0.153535	0.61751	0.19131	0.41	0.316545	0.1887	0.0182	0.1584	0	0	0	0.03	0.018007	0	0	0	0	0	0	0.11	0.092585	0.0325	0.0088	0	0	0	0	0.2	0.123905	0	0	0
gpa_ssDNA_30nt_2rep_gpc_seed7_model_2	0.63	0.13	NA	0.45	0.765	0.37	0.19	0.23	0.09	0.20500000000000002	0.36	0.7	0.03	0.16	0.03	0.35	0.03	0.13	0.36	0.24	0.020572	0.261992	0.072491	0.7	0.181989	0.0636	0.0106	0	0	0	0	0.16	0.102424	0.1182	0.0095	0	0.139104	0.610033	0.18746	0.35	0.268593	0.1735	0.0142	0.1395	0	0	0	0.03	0.019086	0	0	0	0	0	0	0.13	0.101326	0.0313	0.0087	0	0.023121	0.331124	0.067518	0.24	0.188136	0.0803	0.0139	0
gpa_ssDNA_30nt_2rep_gpc_seed7_model_3	0.69	0.12	NA	0.44	0.755	0.36	0.14	0.21	0.11	0.16	0.35	0.68	0.03	0.23	0.06	0.39	0.04	0.13	0.19	0.17	0	0	0	0.68	0.162269	0.0725	0.0106	0	0	0	0	0.23	0.119616	0.0878	0.0104	0	0.136835	0.594093	0.172155	0.39	0.296744	0.152	0.0138	0.1168	0	0	0	0.06	0.019613	0	0	0	0	0	0	0.13	0.097006	0.0537	0.0088	0	0	0	0	0.17	0.125454	0	0	0
gpa_ssDNA_30nt_2rep_gpc_seed7_model_4	0.65	0.11	NA	0.46	0.76	0.25	0.12	0.18	0.07	0.13	0.22	0.67	0.02	0.08	0.02	0.16	0.02	0.11	0.25	0.1	0	0	0	0.67	0.119262	0.0598	0.0103	0	0	0	0	0.08	0.072675	0.0198	0.0084	0	0	0	0	0.16	0.134081	0.1252	0.0088	0	0	0	0	0.02	0.017436	0	0	0	0	0	0	0.11	0.091238	0.0861	0.0089	0	0.021791	0.31784	0.026646	0.1	0.158703	0.0646	0.0121	0
gpa_ssDNA_30nt_2rep_gpc_seed8_model_0	0.54	0.12	NA	0.41	0.78	0.32	0.14	0.18	0.11	0.175	0.22	0.66	0.02	0.19	0.02	0.31	0.03	0.15	0.33	0.12	0	0	0	0.66	0.121218	0.0312	0.0095	0	0.005224	0.278076	0.005224	0.19	0.130574	0.0337	0.0088	0	0.206409	0.682793	0.263917	0.31	0.265934	0.1375	0.023	0.2285	0	0	0	0.02	0.019455	0.0183	0.008	0	0	0	0	0.15	0.10859	0.0514	0.0092	0	0.021791	0.31784	0.021791	0.12	0.173745	0.1064	0.0128	0
gpa_ssDNA_30nt_2rep_gpc_seed8_model_1	0.53	0.12	NA	0.45	0.775	0.3	0.11	0.18	0.12	0.16	0.1	0.71	0	0.25	0.02	0.31	0.03	0.15	0.33	0.11	0	0	0	0.71	0.079002	0	0	0	0.005999	0.302931	0.025778	0.25	0.15828	0.027	0.0097	0.0278	0.209458	0.681418	0.257494	0.31	0.265569	0.0939	0.0269	0.2132	0	0	0	0.02	0.019464	0.0185	0.0083	0	0	0	0	0.15	0.10869	0.0728	0.0088	0	0.0242	0.341546	0.124469	0.11	0.185359	0.1235	0.0152	0
gpa_ssDNA_30nt_2rep_gpc_seed8_model_2	0.53	0.11	NA	0.43	0.775	0.26	0.11	0.12	0.11	0.155	0.15	0.4	0.01	0.26	0.02	0.31	0.03	0.13	0.29	0.1	0	0	0	0.4	0.09746	0.0215	0.0094	0	0.006126	0.30797	0.032386	0.26	0.162456	0.034	0.0096	0.0272	0.23372	0.704731	0.288137	0.31	0.270286	0.2209	0.0129	0.2497	0	0	0	0.02	0.019701	0.0183	0.0077	0	0	0	0	0.13	0.098511	0.0369	0.0086	0	0.020177	0.300896	0.026385	0.1	0.162846	0.0729	0.0143	0
gpa_ssDNA_30nt_2rep_gpc_seed8_model_3	0.54	0.13	NA	0.46	0.765	0.32	0.14	0.18	0.1	0.145	0.25	0.66	0.04	0.27	0.02	0.28	0.03	0.12	0.26	0.1	0.018925	0.24587	0.018925	0.66	0.134649	0.0412	0.0102	0	0.005797	0.297983	0.022017	0.27	0.164716	0.0452	0.0089	0.0135	0.117681	0.549756	0.147473	0.28	0.227168	0.2378	0.0104	0.1298	0	0	0	0.02	0.018564	0	0	0	0	0	0	0.12	0.096106	0	0	0	0.02	0.299156	0.02	0.1	0.141379	0.1184	0.0116	0
gpa_ssDNA_30nt_2rep_gpc_seed8_model_4	0.53	0.13	NA	0.45	0.76	0.3	0.13	0.19	0.11	0.155	0.21	0.68	0.03	0.2	0.01	0.22	0.03	0.2	0.26	0.12	0	0	0	0.68	0.114973	0.04	0.0096	0	0.004884	0.264476	0.004884	0.2	0.133604	0.0336	0.0089	0	0.005513	0.412993	0.005513	0.22	0.164515	0.0886	0.0099	0	0	0	0	0.01	0.018245	0.0186	0.0078	0	0	0	0	0.2	0.118026	0.053900000000000003	0.0088	0	0.017934	0.276386	0.017934	0.12	0.150327	0.1022	0.0109	0
gpa_ssDNA_30nt_2rep_gpc_seed9_model_0	0.57	0.14	NA	0.43	0.77	0.31	0.15	0.17	0.11	0.16	0.25	0.56	0.03	0.25	0.02	0.34	0.03	0.14	0.31	0.14	0.01977	0.254076	0.01977	0.56	0.143335	0.0337	0.0107	0	0.005514	0.28832	0.009634	0.25	0.149902	0.046	0.0091	0	0.205942	0.672136	0.251531	0.34	0.280807	0.1019	0.0587	0.2204	0	0	0	0.02	0.020072	0	0	0	0	0	0	0.14	0.107971	0.0267	0.0086	0	0.020772	0.306503	0.043126	0.14	0.163565	0.0705	0.0133	0
gpa_ssDNA_30nt_2rep_gpc_seed9_model_1	0.56	0.14	NA	0.45	0.755	0.32	0.14	0.17	0.11	0.16	0.27	0.59	0.04	0.24	0.02	0.33	0.03	0.13	0.26	0.13	0.021071	0.266103	0.030021	0.59	0.154761	0.0489	0.0121	0	0.005453	0.286217	0.011391	0.24	0.148939	0.0414	0.0095	0	0.214932	0.664981	0.252252	0.33	0.277911	0.1683	0.0309	0.2071	0	0	0	0.02	0.02011	0	0	0	0	0	0	0.13	0.101599	0.0272	0.0087	0	0.024769	0.346916	0.145968	0.13	0.161874	0.0678	0.0153	0.0111
gpa_ssDNA_30nt_2rep_gpc_seed9_model_2	0.55	0.14	NA	0.41	0.75	0.31	0.15	0.17	0.1	0.16	0.28	0.6	0.04	0.2	0.02	0.32	0.04	0.13	0.25	0.12	0.021958	0.274156	0.07921	0.6	0.163782	0.0397	0.0114	0.0042	0.005231	0.278255	0.005231	0.2	0.131189	0.0371	0.0091	0	0.188159	0.650502	0.226475	0.32	0.265794	0.0989	0.0189	0.1856	0	0	0	0.02	0.020913	0.0221	0.0083	0	0	0	0	0.13	0.099467	0.053900000000000003	0.0086	0	0.020383	0.303214	0.031739	0.12	0.149844	0.048	0.0123	0
gpa_ssDNA_30nt_2rep_gpc_seed9_model_3	0.55	0.12	NA	0.42	0.765	0.2	0.13	0.08	0.1	0.16	0.22	0.13	0.02	0.2	0.03	0.31	0.03	0.14	0.3	0.14	0.020572	0.261992	0.020572	0.13	0.12891	0.0313	0.0109	0	0.005005	0.269524	0.005005	0.2	0.119652	0.0431	0.0088	0	0.172533	0.620792	0.206247	0.31	0.254059	0.1156	0.0362	0.1572	0	0	0	0.03	0.020561	0.0195	0.0079	0	0	0	0	0.14	0.10638	0.0211	0.0086	0	0.020867	0.308317	0.02903	0.14	0.161362	0.0695	0.0117	0
gpa_ssDNA_30nt_2rep_gpc_seed9_model_4	0.56	0.12	NA	0.43	0.76	0.24	0.14	0.14	0.09	0.14500000000000002	0.2	0.49	0.01	0.23	0.02	0.15	0.03	0.1	0.31	0.1	0.018545	0.242052	0.018545	0.49	0.129306	0.0318	0.009	0	0.005369	0.283052	0.005369	0.23	0.144011	0.0405	0.0092	0	0	0	0	0.15	0.127937	0.0711	0.0091	0	0	0	0	0.02	0.018864	0	0	0	0	0	0	0.1	0.08789	0	0	0	0.022771	0.326347	0.035711	0.1	0.162597	0.0898	0.0132	0
gpa_ssDNA_30nt_2rep_seed10_model_0	0.71	0.15	NA	NA	0.725	0.44	0.21	0.29	NA	0.18	0.45	0.77	0.07	NA	NA	0.41	NA	NA	0.22	0.21	0.025646	0.30571	0.218314	0.77	0.23416	0.0857	0.0134	0.018	NA	NA	NA	NA	NA	NA	NA	NA	0.134571	0.573108	0.167263	0.41	0.309185	0.1364	0.0249	0.1372	NA	NA	NA	NA	NA	NA	NA	NA	NA	NA	NA	NA	NA	NA	NA	NA	0	0	0	0.21	0.139536	0	0	0
gpa_ssDNA_30nt_2rep_seed10_model_1	0.69	0.14	NA	NA	0.7	0.41	0.18	0.27	NA	0.165	0.39	0.76	0.04	NA	NA	0.37	NA	NA	0.19	0.19	0.020966	0.265306	0.077255	0.76	0.192291	0.0899	0.0117	0	NA	NA	NA	NA	NA	NA	NA	NA	0.100647	0.540143	0.143004	0.37	0.275458	0.225	0.0132	0.0979	NA	NA	NA	NA	NA	NA	NA	NA	NA	NA	NA	NA	NA	NA	NA	NA	0	0	0	0.19	0.122853	0.0191	0.0085	0
gpa_ssDNA_30nt_2rep_seed10_model_2	0.69	0.13	NA	NA	0.73	0.4	0.16	0.27	NA	0.18	0.28	0.77	0.03	NA	NA	0.38	NA	NA	0.22	0.19	0.020858	0.264374	0.074116	0.77	0.153426	0.0754	0.0128	0	NA	NA	NA	NA	NA	NA	NA	NA	0.116458	0.558169	0.151613	0.38	0.28438600000000003	0.1127	0.0259	0.1136	NA	NA	NA	NA	NA	NA	NA	NA	NA	NA	NA	NA	NA	NA	NA	NA	0	0	0	0.19	0.135467	0.0525	0.0112	0
gpa_ssDNA_30nt_2rep_seed10_model_3	0.69	0.1	NA	NA	0.73	0.34	0.11	0.25	NA	0.165	0.15	0.73	0.01	NA	NA	0.36	NA	NA	0.21	0.18	0	0	0	0.73	0.097446	0.0313	0.0094	0	NA	NA	NA	NA	NA	NA	NA	NA	0.081417	0.511224	0.120693	0.36	0.263361	0.1441	0.0131	0.0725	NA	NA	NA	NA	NA	NA	NA	NA	NA	NA	NA	NA	NA	NA	NA	NA	0	0	0	0.18	0.128391	0.0666	0.0109	0
gpa_ssDNA_30nt_2rep_seed10_model_4	0.68	0.12	NA	NA	0.72	0.32	0.15	0.23	NA	0.14	0.24	0.7	0.03	NA	NA	0.18	NA	NA	0.23	0.1	0.01867	0.243313	0.01867	0.7	0.134758	0.0673	0.011	0	NA	NA	NA	NA	NA	NA	NA	NA	0.006502	0.452771	0.055598	0.18	0.151512	0.1272	0.0101	0.0135	NA	NA	NA	NA	NA	NA	NA	NA	NA	NA	NA	NA	NA	NA	NA	NA	0.01867	0.284652	0.01867	0.1	0.143574	0.0696	0.0112	0
gpa_ssDNA_30nt_2rep_seed1_model_0	0.54	0.11	NA	NA	0.755	0.19	0.2	0.18	NA	0.265	0.12	0.1	0.03	NA	NA	0.32	NA	NA	0.35	0.48	0	0	0	0.1	0.080925	0	0	0	NA	NA	NA	NA	NA	NA	NA	NA	0.264658	0.749283	0.348736	0.32	0.279513	0.1926	0.0218	0.3226	NA	NA	NA	NA	NA	NA	NA	NA	NA	NA	NA	NA	NA	NA	NA	NA	0.024081	0.340132	0.219788	0.48	0.187981	0.0829	0.0159	0.0157
gpa_ssDNA_30nt_2rep_seed1_model_1	0.55	0.11	NA	NA	0.78	0.33	0.16	0.23	NA	0.175	0.17	0.68	0.01	NA	NA	0.32	NA	NA	0.33	0.12	0	0	0	0.68	0.100489	0.0312	0.0087	0	NA	NA	NA	NA	NA	NA	NA	NA	0.229663	0.704337	0.311503	0.32	0.271278	0.2037	0.0173	0.2818	NA	NA	NA	NA	NA	NA	NA	NA	NA	NA	NA	NA	NA	NA	NA	NA	0.024961	0.348721	0.024961	0.12	0.170266	0.1282	0.0141	0
gpa_ssDNA_30nt_2rep_seed1_model_2	0.57	0.12	NA	NA	0.765	0.35	0.17	0.23	NA	0.18	0.22	0.69	0.02	NA	NA	0.34	NA	NA	0.29	0.13	0	0	0	0.69	0.125471	0.0493	0.0101	0	NA	NA	NA	NA	NA	NA	NA	NA	0.277645	0.761442	0.390674	0.34	0.291331	0.201	0.0194	0.342	NA	NA	NA	NA	NA	NA	NA	NA	NA	NA	NA	NA	NA	NA	NA	NA	0.021791	0.31784	0.021791	0.13	0.150345	0.0739	0.0137	0
gpa_ssDNA_30nt_2rep_seed1_model_3	0.55	0.12	NA	NA	0.765	0.36	0.16	0.22	NA	0.18	0.22	0.67	0.01	NA	NA	0.32	NA	NA	0.3	0.12	0	0	0	0.67	0.1222	0.0323	0.01	0	NA	NA	NA	NA	NA	NA	NA	NA	0.244493	0.713484	0.31348	0.32	0.27515	0.1782	0.0239	0.2972	NA	NA	NA	NA	NA	NA	NA	NA	NA	NA	NA	NA	NA	NA	NA	NA	0.023026	0.329868	0.100279	0.12	0.164609	0.0642	0.0128	0.0333
gpa_ssDNA_30nt_2rep_seed1_model_4	0.55	0.11	NA	NA	0.765	0.33	0.18	0.23	NA	0.19	0.16	0.71	0.01	NA	NA	0.32	NA	NA	0.28	0.12	0	0	0	0.71	0.101043	0.0188	0.0094	0	NA	NA	NA	NA	NA	NA	NA	NA	0.24972	0.711136	0.314494	0.32	0.273724	0.1938	0.018	0.3059	NA	NA	NA	NA	NA	NA	NA	NA	NA	NA	NA	NA	NA	NA	NA	NA	0.026042	0.357011	0.195085	0.12	0.155888	0.0619	0.0169	0.0181
gpa_ssDNA_30nt_2rep_seed2_model_0	0.55	0.11	NA	NA	0.755	0.4	0.18	0.27	NA	0.2	0.24	0.77	0.02	NA	NA	0.43	NA	NA	0.35	0.2	0	0	0	0.77	0.137633	0.037	0.0097	0	NA	NA	NA	NA	NA	NA	NA	NA	0.326275	0.779165	0.423988	0.43	0.357257	0.2106	0.0769	0.3814	NA	NA	NA	NA	NA	NA	NA	NA	NA	NA	NA	NA	NA	NA	NA	NA	0.03624	0.43265	0.374586	0.2	0.227355	0.0681	0.0208	0.0663
gpa_ssDNA_30nt_2rep_seed2_model_1	0.53	0.11	NA	NA	0.75	0.41	0.19	0.27	NA	0.21000000000000002	0.24	0.77	0.02	NA	NA	0.41	NA	NA	0.37	0.2	0	0	0	0.77	0.138871	0.0283	0.0095	0	NA	NA	NA	NA	NA	NA	NA	NA	0.277002	0.766853	0.391282	0.41	0.338307	0.1965	0.0165	0.3417	NA	NA	NA	NA	NA	NA	NA	NA	NA	NA	NA	NA	NA	NA	NA	NA	0.027163	0.366427	0.272946	0.2	0.193841	0.0735	0.0162	0.0197
gpa_ssDNA_30nt_2rep_seed2_model_2	0.55	0.11	NA	NA	0.755	0.36	0.14	0.26	NA	0.19	0.15	0.75	0.01	NA	NA	0.39	NA	NA	0.3	0.18	0	0	0	0.75	0.098824	0.0298	0.0088	0	NA	NA	NA	NA	NA	NA	NA	NA	0.218922	0.703527	0.32809	0.39	0.313868	0.2106	0.0181	0.24	NA	NA	NA	NA	NA	NA	NA	NA	NA	NA	NA	NA	NA	NA	NA	NA	0.028358	0.378551	0.260616	0.18	0.185278	0.0602	0.0162	0.0292
gpa_ssDNA_30nt_2rep_seed2_model_3	0.53	0.11	NA	NA	0.755	0.36	0.16	0.26	NA	0.19	0.16	0.77	0	NA	NA	0.38	NA	NA	0.39	0.16	0	0	0	0.77	0.09965	0.0211	0.0086	0	NA	NA	NA	NA	NA	NA	NA	NA	0.300036	0.75287	0.380658	0.38	0.319405	0.172	0.0167	0.3607	NA	NA	NA	NA	NA	NA	NA	NA	NA	NA	NA	NA	NA	NA	NA	NA	0.048449	0.382424	0.297041	0.16	0.209883	0.0991	0.0166	0.06
gpa_ssDNA_30nt_2rep_seed2_model_4	0.57	0.11	NA	NA	0.745	0.35	0.16	0.24	NA	0.15000000000000002	0.25	0.77	0.02	NA	NA	0.22	NA	NA	0.29	0.1	0.019949	0.255955	0.019949	0.77	0.144614	0.0524	0.0108	0	NA	NA	NA	NA	NA	NA	NA	NA	0	0	0	0.22	0.153195	0.1084	0.0093	0	NA	NA	NA	NA	NA	NA	NA	NA	NA	NA	NA	NA	NA	NA	NA	NA	0.025502	0.351686	0.248642	0.1	0.190052	0.0742	0.0154	0.0209
gpa_ssDNA_30nt_2rep_seed3_model_0	0.5	0.09	NA	NA	0.735	0.3	0.14	0.22	NA	0.18	0.11	0.63	0	NA	NA	0.31	NA	NA	0.31	0.12	0	0	0	0.63	0.080332	0.0201	0.0081	0	NA	NA	NA	NA	NA	NA	NA	NA	0.243978	0.709332	0.292303	0.31	0.27225	0.2554	0.0191	0.2999	NA	NA	NA	NA	NA	NA	NA	NA	NA	NA	NA	NA	NA	NA	NA	NA	0.026171	0.359835	0.075058	0.12	0.169182	0.1221	0.0133	0.0333
gpa_ssDNA_30nt_2rep_seed3_model_1	0.47	0.09	NA	NA	0.72	0.33	0.15	0.23	NA	0.185	0.14	0.66	0.01	NA	NA	0.31	NA	NA	0.31	0.12	0	0	0	0.66	0.086581	0.0325	0.0086	0	NA	NA	NA	NA	NA	NA	NA	NA	0.219957	0.70259	0.274901	0.31	0.265039	0.2779	0.0129	0.2599	NA	NA	NA	NA	NA	NA	NA	NA	NA	NA	NA	NA	NA	NA	NA	NA	0.023832	0.338027	0.075278	0.12	0.171116	0.0884	0.0136	0.0167
gpa_ssDNA_30nt_2rep_seed3_model_2	0.5	0.1	NA	NA	0.705	0.31	0.15	0.22	NA	0.175	0.16	0.64	0.01	NA	NA	0.31	NA	NA	0.32	0.12	0	0	0	0.64	0.093424	0.0406	0.0089	0	NA	NA	NA	NA	NA	NA	NA	NA	0.217264	0.692144	0.275476	0.31	0.266065	0.2023	0.013	0.2665	NA	NA	NA	NA	NA	NA	NA	NA	NA	NA	NA	NA	NA	NA	NA	NA	0.024576	0.345111	0.143101	0.12	0.174648	0.0692	0.012	0.0333
gpa_ssDNA_30nt_2rep_seed3_model_3	0.5	0.09	NA	NA	0.73	0.34	0.12	0.23	NA	0.15	0.23	0.68	0.02	NA	NA	0.32	NA	NA	0.11	0.14	0	0	0	0.68	0.120128	0.0502	0.0094	0	NA	NA	NA	NA	NA	NA	NA	NA	0.235481	0.71721	0.29847	0.32	0.271816	0.1418	0.0263	0.285	NA	NA	NA	NA	NA	NA	NA	NA	NA	NA	NA	NA	NA	NA	NA	NA	0	0	0	0.14	0.091205	0.0237	0.0088	0
gpa_ssDNA_30nt_2rep_seed3_model_4	0.49	0.09	NA	NA	0.72	0.28	0.13	0.21	NA	0.16	0.11	0.63	0	NA	NA	0.21	NA	NA	0.23	0.1	0	0	0	0.63	0.082407	0.0207	0.0082	0	NA	NA	NA	NA	NA	NA	NA	NA	0	0	0	0.21	0.154045	0.2106	0.009	0	NA	NA	NA	NA	NA	NA	NA	NA	NA	NA	NA	NA	NA	NA	NA	NA	0	0	0	0.1	0.140946	0.0855	0.0109	0
gpa_ssDNA_30nt_2rep_seed4_model_0	0.67	0.13	NA	NA	0.755	0.31	0.19	0.24	NA	0.20500000000000002	0.11	0.69	0.01	NA	NA	0.3	NA	NA	0.44	0.13	0	0	0	0.69	0.079372	0.0202	0.0082	0	NA	NA	NA	NA	NA	NA	NA	NA	0.022046	0.420941	0.063327	0.3	0.214527	0.2245	0.0106	0.0366	NA	NA	NA	NA	NA	NA	NA	NA	NA	NA	NA	NA	NA	NA	NA	NA	0.127485	0.405983	0.326529	0.13	0.239767	0.0862	0.0167	0.0643
gpa_ssDNA_30nt_2rep_seed4_model_1	0.66	0.13	NA	NA	0.75	0.34	0.15	0.24	NA	0.16999999999999998	0.21	0.71	0.01	NA	NA	0.29	NA	NA	0.28	0.14	0.017934	0.235851	0.017934	0.71	0.121105	0.0514	0.0096	0	NA	NA	NA	NA	NA	NA	NA	NA	0.018555	0.417265	0.054398	0.29	0.206457	0.1377	0.0125	0.0232	NA	NA	NA	NA	NA	NA	NA	NA	NA	NA	NA	NA	NA	NA	NA	NA	0.027875	0.371296	0.255094	0.14	0.168946	0.0566	0.0184	0.0255
gpa_ssDNA_30nt_2rep_seed4_model_2	0.68	0.12	NA	NA	0.735	0.31	0.17	0.24	NA	0.15500000000000003	0.2	0.72	0.01	NA	NA	0.15	NA	NA	0.28	0.11	0	0	0	0.72	0.119978	0.0384	0.0092	0	NA	NA	NA	NA	NA	NA	NA	NA	0	0	0	0.15	0.130547	0.221	0.0091	0	NA	NA	NA	NA	NA	NA	NA	NA	NA	NA	NA	NA	NA	NA	NA	NA	0.021858	0.318234	0.077478	0.11	0.155413	0.09	0.0131	0
gpa_ssDNA_30nt_2rep_seed4_model_3	0.65	0.13	NA	NA	0.74	0.35	0.17	0.24	NA	0.16	0.27	0.72	0.03	NA	NA	0.27	NA	NA	0.26	0.13	0.018174	0.238304	0.018174	0.72	0.145048	0.0595	0.0101	0	NA	NA	NA	NA	NA	NA	NA	NA	0.009808	0.400433	0.046063	0.27	0.194791	0.155	0.0102	0.0097	NA	NA	NA	NA	NA	NA	NA	NA	NA	NA	NA	NA	NA	NA	NA	NA	0.02672	0.360765	0.211596	0.13	0.15973	0.0482	0.0169	0.0265
gpa_ssDNA_30nt_2rep_seed4_model_4	0.65	0.12	NA	NA	0.74	0.28	0.15	0.22	NA	0.15000000000000002	0.17	0.66	0.01	NA	NA	0.16	NA	NA	0.27	0.11	0	0	0	0.66	0.102845	0.0285	0.0094	0	NA	NA	NA	NA	NA	NA	NA	NA	0	0	0	0.16	0.131136	0.1751	0.0089	0	NA	NA	NA	NA	NA	NA	NA	NA	NA	NA	NA	NA	NA	NA	NA	NA	0.023473	0.334554	0.173801	0.11	0.170468	0.0473	0.0129	0.0092
gpa_ssDNA_30nt_2rep_seed5_model_0	0.59	0.13	NA	NA	0.75	0.37	0.17	0.25	NA	0.165	0.3	0.7	0.05	NA	NA	0.34	NA	NA	0.2	0.14	0.024885	0.299424	0.13522	0.7	0.177396	0.0376	0.0135	0.0666	NA	NA	NA	NA	NA	NA	NA	NA	0.183522	0.721059	0.286412	0.34	0.271599	0.1077	0.038	0.2807	NA	NA	NA	NA	NA	NA	NA	NA	NA	NA	NA	NA	NA	NA	NA	NA	0	0	0	0.14	0.125032	0.0724	0.011	0
gpa_ssDNA_30nt_2rep_seed5_model_1	0.56	0.13	NA	NA	0.75	0.35	0.16	0.24	NA	0.16	0.27	0.69	0.05	NA	NA	0.3	NA	NA	0.19	0.13	0.020983	0.265548	0.039435	0.69	0.148228	0.0526	0.0117	0.025	NA	NA	NA	NA	NA	NA	NA	NA	0.180899	0.708947	0.271001	0.3	0.24969	0.2413	0.0122	0.2753	NA	NA	NA	NA	NA	NA	NA	NA	NA	NA	NA	NA	NA	NA	NA	NA	0	0	0	0.13	0.118582	0.0621	0.0106	0
gpa_ssDNA_30nt_2rep_seed5_model_2	0.6	0.15	NA	NA	0.745	0.36	0.18	0.25	NA	0.12	0.44	0.73	0.08	NA	NA	0.14	NA	NA	0.11	0.1	0.102753	0.315282	0.175663	0.73	0.232037	0.0612	0.0126	0.0796	NA	NA	NA	NA	NA	NA	NA	NA	0	0	0	0.14	0.123651	0.0409	0.009	0	NA	NA	NA	NA	NA	NA	NA	NA	NA	NA	NA	NA	NA	NA	NA	NA	0	0	0	0.1	0.090973	0.0186	0.0084	0
gpa_ssDNA_30nt_2rep_seed5_model_3	0.55	0.13	NA	NA	0.745	0.34	0.17	0.22	NA	0.165	0.29	0.63	0.05	NA	NA	0.28	NA	NA	0.24	0.13	0.048788	0.308772	0.130784	0.63	0.171916	0.0493	0.0181	0.066	NA	NA	NA	NA	NA	NA	NA	NA	0.168131	0.701029	0.257438	0.28	0.239784	0.1935	0.0128	0.2595	NA	NA	NA	NA	NA	NA	NA	NA	NA	NA	NA	NA	NA	NA	NA	NA	0.01842	0.281861	0.01842	0.13	0.138673	0.107	0.0117	0
gpa_ssDNA_30nt_2rep_seed5_model_4	0.58	0.11	NA	NA	0.765	0.18	0.15	0.12	NA	0.165	0.27	0.09	0	NA	NA	0.18	NA	NA	0.24	0.28	0.021039	0.265368	0.021039	0.09	0.148286	0.0402	0.0107	0	NA	NA	NA	NA	NA	NA	NA	NA	0	0	0	0.18	0.144614	0.0914	0.0093	0	NA	NA	NA	NA	NA	NA	NA	NA	NA	NA	NA	NA	NA	NA	NA	NA	0	0	0	0.28	0.140528	0.0736	0.0114	0
gpa_ssDNA_30nt_2rep_seed6_model_0	0.45	0.11	NA	NA	0.8	0.29	0.16	0.22	NA	0.16999999999999998	0.15	0.65	0.01	NA	NA	0.21	NA	NA	0.36	0.11	0	0	0	0.65	0.09411	0.0285	0.0102	0	NA	NA	NA	NA	NA	NA	NA	NA	0.005151	0.396672	0.005151	0.21	0.157367	0.2591	0.0092	0	NA	NA	NA	NA	NA	NA	NA	NA	NA	NA	NA	NA	NA	NA	NA	NA	0.024345	0.342633	0.239588	0.11	0.190988	0.0844	0.0194	0.0388
gpa_ssDNA_30nt_2rep_seed6_model_1	0.45	0.11	NA	NA	0.785	0.31	0.13	0.21	NA	0.16499999999999998	0.13	0.65	0	NA	NA	0.26	NA	NA	0.28	0.09	0	0	0	0.65	0.086892	0.0229	0.0085	0	NA	NA	NA	NA	NA	NA	NA	NA	0.005378	0.407126	0.005378	0.26	0.174378	0.2033	0.0092	0	NA	NA	NA	NA	NA	NA	NA	NA	NA	NA	NA	NA	NA	NA	NA	NA	0.02	0.299156	0.02	0.09	0.1442	0.0594	0.0126	0
gpa_ssDNA_30nt_2rep_seed6_model_2	0.45	0.11	NA	NA	0.79	0.33	0.13	0.23	NA	0.155	0.18	0.69	0.01	NA	NA	0.3	NA	NA	0.21	0.1	0	0	0	0.69	0.106261	0.0401	0.009	0	NA	NA	NA	NA	NA	NA	NA	NA	0.20584	0.650393	0.244786	0.3	0.258046	0.1015	0.0693	0.2179	NA	NA	NA	NA	NA	NA	NA	NA	NA	NA	NA	NA	NA	NA	NA	NA	0	0	0	0.1	0.128281	0.0646	0.0115	0
gpa_ssDNA_30nt_2rep_seed6_model_3	0.44	0.11	NA	NA	0.79	0.31	0.13	0.23	NA	0.165	0.11	0.7	0	NA	NA	0.3	NA	NA	0.29	0.1	0	0	0	0.7	0.079681	0.0233	0.0085	0	NA	NA	NA	NA	NA	NA	NA	NA	0.193236	0.646881	0.230399	0.3	0.254503	0.1412	0.0142	0.1961	NA	NA	NA	NA	NA	NA	NA	NA	NA	NA	NA	NA	NA	NA	NA	NA	0.017934	0.276386	0.017934	0.1	0.157473	0.0632	0.0118	0
gpa_ssDNA_30nt_2rep_seed6_model_4	0.47	0.12	NA	NA	0.785	0.34	0.13	0.24	NA	0.15	0.24	0.71	0.01	NA	NA	0.28	NA	NA	0.16	0.12	0	0	0	0.71	0.124624	0.0389	0.0095	0	NA	NA	NA	NA	NA	NA	NA	NA	0.117714	0.530927	0.144165	0.28	0.227769	0.126	0.0131	0.1173	NA	NA	NA	NA	NA	NA	NA	NA	NA	NA	NA	NA	NA	NA	NA	NA	0	0	0	0.12	0.105701	0.0322	0.0107	0
gpa_ssDNA_30nt_2rep_seed7_model_0	0.77	0.12	NA	NA	0.77	0.27	0.19	0.14	NA	0.23500000000000001	0.29	0.09	0.03	NA	NA	0.57	NA	NA	0.3	0.35	0.022719	0.28172	0.131648	0.09	0.162211	0.0793	0.0147	0	NA	NA	NA	NA	NA	NA	NA	NA	0.31936	0.722626	0.521067	0.57	0.465627	0.21	0.0252	0.2469	NA	NA	NA	NA	NA	NA	NA	NA	NA	NA	NA	NA	NA	NA	NA	NA	0.023053	0.330377	0.170115	0.35	0.160334	0.0557	0.016	0.0042
gpa_ssDNA_30nt_2rep_seed7_model_1	0.76	0.1	NA	NA	0.765	0.26	0.19	0.11	NA	0.225	0.27	0.08	0.01	NA	NA	0.56	NA	NA	0.27	0.26	0.02202	0.275434	0.130383	0.08	0.153237	0.0578	0.013	0	NA	NA	NA	NA	NA	NA	NA	NA	0.313275	0.727171	0.517547	0.56	0.459036	0.2942	0.0222	0.2506	NA	NA	NA	NA	NA	NA	NA	NA	NA	NA	NA	NA	NA	NA	NA	NA	0.027533	0.371212	0.245472	0.26	0.169019	0.0702	0.017	0.0171
gpa_ssDNA_30nt_2rep_seed7_model_2	0.77	0.12	NA	NA	0.745	0.4	0.19	0.25	NA	0.22	0.31	0.6	0.04	NA	NA	0.57	NA	NA	0.29	0.27	0.023456	0.287957	0.159565	0.6	0.171524	0.0818	0.0139	0.0115	NA	NA	NA	NA	NA	NA	NA	NA	0.324109	0.73546	0.542542	0.57	0.469936	0.2597	0.0216	0.2515	NA	NA	NA	NA	NA	NA	NA	NA	NA	NA	NA	NA	NA	NA	NA	NA	0.023941	0.337597	0.21022	0.27	0.18605	0.0698	0.014	0.0198
gpa_ssDNA_30nt_2rep_seed7_model_3	0.76	0.11	NA	NA	0.755	0.4	0.2	0.26	NA	0.22499999999999998	0.28	0.66	0.02	NA	NA	0.54	NA	NA	0.28	0.26	0.022168	0.276475	0.096788	0.66	0.159686	0.0943	0.0116	0	NA	NA	NA	NA	NA	NA	NA	NA	0.279484	0.714508	0.490612	0.54	0.43093	0.2544	0.0183	0.222	NA	NA	NA	NA	NA	NA	NA	NA	NA	NA	NA	NA	NA	NA	NA	NA	0.0278	0.369118	0.212222	0.26	0.165746	0.1153	0.0154	0.0218
gpa_ssDNA_30nt_2rep_seed7_model_4	0.77	0.11	NA	NA	0.775	0.4	0.19	0.25	NA	0.21	0.3	0.62	0.03	NA	NA	0.54	NA	NA	0.34	0.25	0.022572	0.279972	0.158041	0.62	0.167073	0.0712	0.014	0	NA	NA	NA	NA	NA	NA	NA	NA	0.286307	0.732874	0.524773	0.54	0.43613	0.1836	0.02	0.2447	NA	NA	NA	NA	NA	NA	NA	NA	NA	NA	NA	NA	NA	NA	NA	NA	0.028328	0.374353	0.302125	0.25	0.21488	0.059	0.0174	0.0267
gpa_ssDNA_30nt_2rep_seed8_model_0	0.55	0.12	NA	NA	0.785	0.34	0.16	0.2	NA	0.185	0.22	0.58	0.02	NA	NA	0.33	NA	NA	0.27	0.12	0.018174	0.238304	0.018174	0.58	0.123448	0.0395	0.01	0	NA	NA	NA	NA	NA	NA	NA	NA	0.241577	0.715912	0.295879	0.33	0.278812	0.1831	0.0208	0.2799	NA	NA	NA	NA	NA	NA	NA	NA	NA	NA	NA	NA	NA	NA	NA	NA	0	0	0	0.12	0.141746	0.0864	0.0117	0
gpa_ssDNA_30nt_2rep_seed8_model_1	0.54	0.11	NA	NA	0.765	0.3	0.12	0.19	NA	0.17	0.15	0.55	0	NA	NA	0.3	NA	NA	0.21	0.1	0	0	0	0.55	0.0963	0.0226	0.0086	0	NA	NA	NA	NA	NA	NA	NA	NA	0.005882	0.429077	0.01733	0.3	0.194599	0.1116	0.01	0.0333	NA	NA	NA	NA	NA	NA	NA	NA	NA	NA	NA	NA	NA	NA	NA	NA	0	0	0	0.1	0.12415	0.0898	0.0109	0
gpa_ssDNA_30nt_2rep_seed8_model_2	0.56	0.12	NA	NA	0.775	0.32	0.17	0.21	NA	0.18	0.25	0.56	0.02	NA	NA	0.33	NA	NA	0.29	0.15	0.017698	0.233433	0.017698	0.56	0.134383	0.0352	0.0099	0	NA	NA	NA	NA	NA	NA	NA	NA	0.235319	0.712545	0.29404	0.33	0.281166	0.2507	0.0146	0.2688	NA	NA	NA	NA	NA	NA	NA	NA	NA	NA	NA	NA	NA	NA	NA	NA	0.019186	0.290342	0.019186	0.15	0.151222	0.1024	0.0124	0
gpa_ssDNA_30nt_2rep_seed8_model_3	0.53	0.09	NA	NA	0.79	0.23	0.13	0.17	NA	0.14500000000000002	0.13	0.48	0	NA	NA	0.16	NA	NA	0.27	0.1	0	0	0	0.48	0.088971	0.0214	0.0083	0	NA	NA	NA	NA	NA	NA	NA	NA	0	0	0	0.16	0.135903	0.1796	0.0089	0	NA	NA	NA	NA	NA	NA	NA	NA	NA	NA	NA	NA	NA	NA	NA	NA	0	0	0	0.1	0.145013	0.068	0.0114	0
gpa_ssDNA_30nt_2rep_seed8_model_4	0.54	0.13	NA	NA	0.765	0.32	0.14	0.2	NA	0.14	0.3	0.59	0.02	NA	NA	0.23	NA	NA	0.12	0.1	0.023121	0.285732	0.023121	0.59	0.155162	0.0347	0.0093	0	NA	NA	NA	NA	NA	NA	NA	NA	0.005346	0.404155	0.005346	0.23	0.169791	0.0997	0.0104	0	NA	NA	NA	NA	NA	NA	NA	NA	NA	NA	NA	NA	NA	NA	NA	NA	0	0	0	0.1	0.096877	0	0	0
gpa_ssDNA_30nt_2rep_seed9_model_0	0.44	0.13	NA	NA	0.77	0.35	0.2	0.24	NA	0.175	0.28	0.66	0.06	NA	NA	0.3	NA	NA	0.36	0.11	0.112627	0.379976	0.174026	0.66	0.18593	0.0427	0.0353	0.108	NA	NA	NA	NA	NA	NA	NA	NA	0.202798	0.668544	0.252364	0.3	0.257104	0.1581	0.0208	0.2318	NA	NA	NA	NA	NA	NA	NA	NA	NA	NA	NA	NA	NA	NA	NA	NA	0.04381	0.371514	0.283515	0.11	0.203342	0.1548	0.0173	0.0641
gpa_ssDNA_30nt_2rep_seed9_model_1	0.44	0.12	NA	NA	0.775	0.35	0.17	0.23	NA	0.165	0.29	0.65	0.06	NA	NA	0.3	NA	NA	0.22	0.11	0.087919	0.376089	0.175851	0.65	0.193661	0.0447	0.0124	0.1126	NA	NA	NA	NA	NA	NA	NA	NA	0.181625	0.656126	0.232784	0.3	0.252089	0.2586	0.0132	0.2127	NA	NA	NA	NA	NA	NA	NA	NA	NA	NA	NA	NA	NA	NA	NA	NA	0	0	0	0.11	0.128965	0.0748	0.0109	0
gpa_ssDNA_30nt_2rep_seed9_model_2	0.46	0.13	NA	NA	0.765	0.36	0.2	0.25	NA	0.16999999999999998	0.31	0.68	0.08	NA	NA	0.31	NA	NA	0.28	0.11	0.148372	0.399599	0.192825	0.68	0.206535	0.0382	0.0137	0.134	NA	NA	NA	NA	NA	NA	NA	NA	0.202951	0.677241	0.253145	0.31	0.264259	0.1013	0.0242	0.2435	NA	NA	NA	NA	NA	NA	NA	NA	NA	NA	NA	NA	NA	NA	NA	NA	0.017698	0.2737	0.017698	0.11	0.148766	0.089	0.0116	0
gpa_ssDNA_30nt_2rep_seed9_model_3	0.45	0.12	NA	NA	0.74	0.37	0.21	0.24	NA	0.195	0.27	0.68	0.05	NA	NA	0.3	NA	NA	0.28	0.11	0.053214	0.349175	0.155046	0.68	0.173586	0.0302	0.0192	0.0851	NA	NA	NA	NA	NA	NA	NA	NA	0.203758	0.673583	0.265769	0.3	0.256352	0.2042	0.0215	0.2548	NA	NA	NA	NA	NA	NA	NA	NA	NA	NA	NA	NA	NA	NA	NA	NA	0.023726	0.336693	0.089081	0.11	0.170302	0.1208	0.0131	0
gpa_ssDNA_30nt_2rep_seed9_model_4	0.45	0.12	NA	NA	0.775	0.37	0.2	0.24	NA	0.175	0.3	0.68	0.06	NA	NA	0.3	NA	NA	0.28	0.1	0.089557	0.392615	0.188695	0.68	0.206765	0.034	0.0132	0.1313	NA	NA	NA	NA	NA	NA	NA	NA	0.154455	0.651824	0.223798	0.3	0.244926	0.1277	0.0187	0.176	NA	NA	NA	NA	NA	NA	NA	NA	NA	NA	NA	NA	NA	NA	NA	NA	0.021702	0.316647	0.052466	0.1	0.153324	0.104	0.0136	0
gpa_ssDNA_30nt_gpc_seed10_model_0	0.84	0.15	NA	0.54	NA	0.55	0.23	0.33	0.17	NA	0.5	0.84	0.07	0.31	0.1	NA	0.1	NA	NA	NA	0.110422	0.325895	0.295498	0.84	0.303701	0.214	0.023	0.064	0.004669	0.256025	0.004669	0.31	0.15729	0.0951	0.0116	0	NA	NA	NA	NA	NA	NA	NA	NA	0	0	0	0.1	0.030545	0	0	0	NA	NA	NA	NA	NA	NA	NA	NA	NA	NA	NA	NA	NA	NA	NA	NA
gpa_ssDNA_30nt_gpc_seed10_model_1	0.85	0.13	NA	0.53	NA	0.55	0.21	0.35	0.2	NA	0.45	0.85	0.07	0.35	0.12	NA	0.13	NA	NA	NA	0.042233	0.323204	0.292232	0.85	0.27428399999999997	0.15310000000000001	0.0189	0.0562	0.0053	0.281006	0.08881	0.35	0.181092	0.0966	0.0147	0	NA	NA	NA	NA	NA	NA	NA	NA	0	0	0	0.12	0.035197	0.0188	0.0082	0	NA	NA	NA	NA	NA	NA	NA	NA	NA	NA	NA	NA	NA	NA	NA	NA
gpa_ssDNA_30nt_gpc_seed10_model_2	0.84	0.14	NA	0.53	NA	0.55	0.23	0.36	0.18	NA	0.47	0.85	0.12	0.34	0.11	NA	0.1	NA	NA	NA	0.067427	0.339123	0.303799	0.85	0.269074	0.1554	0.0176	0.0752	0.005079	0.272413	0.039382	0.34	0.172414	0.1097	0.0151	0	NA	NA	NA	NA	NA	NA	NA	NA	0	0	0	0.11	0.031049	0.0183	0.0081	0	NA	NA	NA	NA	NA	NA	NA	NA	NA	NA	NA	NA	NA	NA	NA	NA
gpa_ssDNA_30nt_gpc_seed10_model_3	0.84	0.12	NA	0.53	NA	0.54	0.17	0.35	0.2	NA	0.37	0.87	0.04	0.37	0.14	NA	0.1	NA	NA	NA	0.023627	0.2901	0.208076	0.87	0.211744	0.1202	0.0133	0	0.00512	0.273562	0.110622	0.37	0.189452	0.1132	0.0156	0	NA	NA	NA	NA	NA	NA	NA	NA	0	0	0	0.14	0.030377	0.0183	0.0079	0	NA	NA	NA	NA	NA	NA	NA	NA	NA	NA	NA	NA	NA	NA	NA	NA
gpa_ssDNA_30nt_gpc_seed10_model_4	0.84	0.12	NA	0.54	NA	0.51	0.17	0.32	0.17	NA	0.38	0.83	0.04	0.32	0.1	NA	0.08	NA	NA	NA	0.021418	0.269818	0.157736	0.83	0.203287	0.1503	0.0135	0	0.004897	0.264806	0.011474	0.32	0.163632	0.1079	0.0133	0	NA	NA	NA	NA	NA	NA	NA	NA	0	0	0	0.1	0.02755	0	0	0	NA	NA	NA	NA	NA	NA	NA	NA	NA	NA	NA	NA	NA	NA	NA	NA
gpa_ssDNA_30nt_gpc_seed1_model_0	0.86	0.14	NA	0.53	NA	0.5	0.18	0.31	0.09	NA	0.44	0.83	0.07	0.21	0.02	NA	0.04	NA	NA	NA	0.100171	0.332032	0.288499	0.83	0.233502	0.2254	0.0175	0.0671	0	0	0	0.21	0.11577	0.1867	0.0098	0	NA	NA	NA	NA	NA	NA	NA	NA	0	0	0	0.02	0.020616	0	0	0	NA	NA	NA	NA	NA	NA	NA	NA	NA	NA	NA	NA	NA	NA	NA	NA
gpa_ssDNA_30nt_gpc_seed1_model_1	0.85	0.13	NA	0.53	NA	0.48	0.17	0.29	0.09	NA	0.42	0.8	0.04	0.21	0.03	NA	0.05	NA	NA	NA	0.056268	0.318804	0.279512	0.8	0.245728	0.1665	0.0173	0.0305	0	0	0	0.21	0.115543	0.08	0.0106	0	NA	NA	NA	NA	NA	NA	NA	NA	0	0	0	0.03	0.021817	0	0	0	NA	NA	NA	NA	NA	NA	NA	NA	NA	NA	NA	NA	NA	NA	NA	NA
gpa_ssDNA_30nt_gpc_seed1_model_2	0.85	0.13	NA	0.55	NA	0.49	0.15	0.33	0.19	NA	0.34	0.81	0.03	0.32	0.17	NA	0.07	NA	NA	NA	0.020545	0.261666	0.125308	0.81	0.182461	0.1707	0.0124	0	0.004781	0.260349	0.027032	0.32	0.16254	0.2281	0.0145	0	NA	NA	NA	NA	NA	NA	NA	NA	0	0	0	0.17	0.026417	0	0	0	NA	NA	NA	NA	NA	NA	NA	NA	NA	NA	NA	NA	NA	NA	NA	NA
gpa_ssDNA_30nt_gpc_seed1_model_3	0.85	0.14	NA	0.53	NA	0.5	0.16	0.32	0.12	NA	0.38	0.84	0.07	0.28	0.04	NA	0.04	NA	NA	NA	0.021084	0.266595	0.160407	0.84	0.20367	0.128	0.0133	0.0042	0	0	0	0.28	0.143799	0.2264	0.0115	0	NA	NA	NA	NA	NA	NA	NA	NA	0	0	0	0.04	0.021932	0	0	0	NA	NA	NA	NA	NA	NA	NA	NA	NA	NA	NA	NA	NA	NA	NA	NA
gpa_ssDNA_30nt_gpc_seed1_model_4	0.86	0.13	NA	0.53	NA	0.49	0.17	0.31	0.1	NA	0.4	0.84	0.07	0.24	0.03	NA	0.04	NA	NA	NA	0.021438	0.269939	0.180345	0.84	0.209181	0.1766	0.0141	0	0	0	0	0.24	0.127418	0.1618	0.0105	0	NA	NA	NA	NA	NA	NA	NA	NA	0	0	0	0.03	0.020301	0	0	0	NA	NA	NA	NA	NA	NA	NA	NA	NA	NA	NA	NA	NA	NA	NA	NA
gpa_ssDNA_30nt_gpc_seed2_model_0	0.83	0.14	NA	0.57	NA	0.54	0.18	0.35	0.24	NA	0.42	0.78	0.04	0.4	0.24	NA	0.09	NA	NA	NA	0.042713	0.366421	0.318554	0.78	0.263281	0.1568	0.026	0.0805	0.137482	0.302819	0.162851	0.4	0.219538	0.254	0.0207	0.0227	NA	NA	NA	NA	NA	NA	NA	NA	0	0	0	0.24	0.028626	0	0	0	NA	NA	NA	NA	NA	NA	NA	NA	NA	NA	NA	NA	NA	NA	NA	NA
gpa_ssDNA_30nt_gpc_seed2_model_1	0.83	0.13	NA	0.55	NA	0.49	0.22	0.29	0.08	NA	0.52	0.75	0.11	0.19	0.02	NA	0.04	NA	NA	NA	0.247085	0.40858	0.37622	0.75	0.353455	0.1162	0.0283	0.1281	0	0	0	0.19	0.110864	0.0721	0.0102	0	NA	NA	NA	NA	NA	NA	NA	NA	0	0	0	0.02	0.020718	0	0	0	NA	NA	NA	NA	NA	NA	NA	NA	NA	NA	NA	NA	NA	NA	NA	NA
gpa_ssDNA_30nt_gpc_seed2_model_2	0.84	0.13	NA	0.54	NA	0.52	0.23	0.35	0.14	NA	0.47	0.84	0.14	0.26	0.07	NA	0.08	NA	NA	NA	0.151974	0.348942	0.314677	0.84	0.290636	0.1574	0.0206	0.08	0	0	0	0.26	0.136371	0.0897	0.0122	0	NA	NA	NA	NA	NA	NA	NA	NA	0	0	0	0.07	0.027232	0	0	0	NA	NA	NA	NA	NA	NA	NA	NA	NA	NA	NA	NA	NA	NA	NA	NA
gpa_ssDNA_30nt_gpc_seed2_model_3	0.83	0.13	NA	0.54	NA	0.5	0.17	0.31	0.14	NA	0.39	0.84	0.04	0.27	0.07	NA	0.07	NA	NA	NA	0.034074	0.367186	0.313354	0.84	0.239244	0.0791	0.0228	0.0655	0.004545	0.250877	0.004545	0.27	0.143189	0.0764	0.013	0	NA	NA	NA	NA	NA	NA	NA	NA	0	0	0	0.07	0.026112	0	0	0	NA	NA	NA	NA	NA	NA	NA	NA	NA	NA	NA	NA	NA	NA	NA	NA
gpa_ssDNA_30nt_gpc_seed2_model_4	0.83	0.13	NA	0.55	NA	0.45	0.13	0.31	0.09	NA	0.31	0.84	0.04	0.19	0.04	NA	0.05	NA	NA	NA	0.021709	0.272681	0.136065	0.84	0.166444	0.1064	0.0131	0	0	0	0	0.19	0.108953	0.0554	0.0097	0	NA	NA	NA	NA	NA	NA	NA	NA	0	0	0	0.04	0.02218	0.019	0.0083	0	NA	NA	NA	NA	NA	NA	NA	NA	NA	NA	NA	NA	NA	NA	NA	NA
gpa_ssDNA_30nt_gpc_seed3_model_0	0.82	0.14	NA	0.54	NA	0.57	0.24	0.36	0.26	NA	0.46	0.81	0.11	0.45	0.16	NA	0.16	NA	NA	NA	0.044984	0.318947	0.277114	0.81	0.264668	0.1457	0.0157	0.0423	0.184863	0.32189	0.227438	0.45	0.26066	0.1416	0.0258	0.0511	NA	NA	NA	NA	NA	NA	NA	NA	0	0	0	0.16	0.040704	0.0189	0.0083	0	NA	NA	NA	NA	NA	NA	NA	NA	NA	NA	NA	NA	NA	NA	NA	NA
gpa_ssDNA_30nt_gpc_seed3_model_1	0.82	0.13	NA	0.54	NA	0.51	0.15	0.33	0.2	NA	0.33	0.83	0.04	0.38	0.13	NA	0.09	NA	NA	NA	0.025851	0.307108	0.231578	0.83	0.188077	0.094	0.0159	0.0287	0.008856	0.288998	0.153157	0.38	0.196325	0.1226	0.0187	0.0125	NA	NA	NA	NA	NA	NA	NA	NA	0	0	0	0.13	0.028883	0.0184	0.0081	0	NA	NA	NA	NA	NA	NA	NA	NA	NA	NA	NA	NA	NA	NA	NA	NA
gpa_ssDNA_30nt_gpc_seed3_model_2	0.82	0.13	NA	0.54	NA	0.53	0.17	0.34	0.21	NA	0.39	0.84	0.04	0.38	0.15	NA	0.1	NA	NA	NA	0.023711	0.290615	0.222987	0.84	0.219756	0.1577	0.0154	0.0312	0.005095	0.272602	0.103274	0.38	0.194151	0.1332	0.0144	0.0042	NA	NA	NA	NA	NA	NA	NA	NA	0	0	0	0.15	0.030412	0	0	0	NA	NA	NA	NA	NA	NA	NA	NA	NA	NA	NA	NA	NA	NA	NA	NA
gpa_ssDNA_30nt_gpc_seed3_model_3	0.82	0.12	NA	0.54	NA	0.51	0.19	0.34	0.16	NA	0.38	0.83	0.11	0.32	0.09	NA	0.08	NA	NA	NA	0.021708	0.272582	0.200908	0.83	0.214671	0.1334	0.0138	0	0.005005	0.269524	0.024762	0.32	0.169019	0.1157	0.0144	0	NA	NA	NA	NA	NA	NA	NA	NA	0	0	0	0.09	0.027732	0	0	0	NA	NA	NA	NA	NA	NA	NA	NA	NA	NA	NA	NA	NA	NA	NA	NA
gpa_ssDNA_30nt_gpc_seed3_model_4	0.82	0.12	NA	0.53	NA	0.5	0.16	0.33	0.17	NA	0.35	0.83	0.06	0.32	0.1	NA	0.08	NA	NA	NA	0.021504	0.270585	0.14817	0.83	0.196249	0.1109	0.0123	0	0.004971	0.268005	0.004971	0.32	0.161855	0.1108	0.0135	0	NA	NA	NA	NA	NA	NA	NA	NA	0	0	0	0.1	0.027288	0.0183	0.008	0	NA	NA	NA	NA	NA	NA	NA	NA	NA	NA	NA	NA	NA	NA	NA	NA
gpa_ssDNA_30nt_gpc_seed4_model_0	0.82	0.13	NA	0.54	NA	0.58	0.22	0.38	0.27	NA	0.43	0.84	0.09	0.47	0.2	NA	0.14	NA	NA	NA	0.024111	0.294066	0.242037	0.84	0.24126	0.158	0.0158	0.0422	0.226702	0.324525	0.253871	0.47	0.27388	0.149	0.025	0.0529	NA	NA	NA	NA	NA	NA	NA	NA	0	0	0	0.2	0.039847	0.0183	0.0082	0	NA	NA	NA	NA	NA	NA	NA	NA	NA	NA	NA	NA	NA	NA	NA	NA
gpa_ssDNA_30nt_gpc_seed4_model_1	0.85	0.12	NA	0.54	NA	0.55	0.17	0.35	0.24	NA	0.36	0.84	0.03	0.45	0.18	NA	0.11	NA	NA	NA	0.022245	0.277069	0.18352	0.84	0.208225	0.1218	0.0133	0.0083	0.141377	0.330338	0.240247	0.45	0.245562	0.1625	0.0275	0.0486	NA	NA	NA	NA	NA	NA	NA	NA	0	0	0	0.18	0.032496	0	0	0	NA	NA	NA	NA	NA	NA	NA	NA	NA	NA	NA	NA	NA	NA	NA	NA
gpa_ssDNA_30nt_gpc_seed4_model_2	0.83	0.13	NA	0.54	NA	0.53	0.15	0.34	0.22	NA	0.32	0.85	0.03	0.41	0.15	NA	0.1	NA	NA	NA	0.02396	0.292639	0.193284	0.85	0.175649	0.1189	0.0146	0.0101	0.090816	0.324613	0.233769	0.41	0.230682	0.1398	0.0247	0.0472	NA	NA	NA	NA	NA	NA	NA	NA	0	0	0	0.15	0.029699	0.0183	0.0078	0	NA	NA	NA	NA	NA	NA	NA	NA	NA	NA	NA	NA	NA	NA	NA	NA
gpa_ssDNA_30nt_gpc_seed4_model_3	0.83	0.12	NA	0.54	NA	0.52	0.18	0.33	0.17	NA	0.39	0.83	0.07	0.33	0.09	NA	0.08	NA	NA	NA	0.023999	0.292811	0.232878	0.83	0.223908	0.1134	0.0149	0.0056	0.005117	0.273878	0.089312	0.33	0.175397	0.1095	0.016	0	NA	NA	NA	NA	NA	NA	NA	NA	0	0	0	0.09	0.028319	0	0	0	NA	NA	NA	NA	NA	NA	NA	NA	NA	NA	NA	NA	NA	NA	NA	NA
gpa_ssDNA_30nt_gpc_seed4_model_4	0.82	0.12	NA	0.55	NA	0.49	0.15	0.3	0.13	NA	0.35	0.83	0.02	0.28	0.05	NA	0.06	NA	NA	NA	0.022054	0.275645	0.163215	0.83	0.199666	0.1319	0.0135	0	0	0	0	0.28	0.146317	0.0718	0.011	0	NA	NA	NA	NA	NA	NA	NA	NA	0	0	0	0.05	0.024899	0.0183	0.0082	0	NA	NA	NA	NA	NA	NA	NA	NA	NA	NA	NA	NA	NA	NA	NA	NA
gpa_ssDNA_30nt_gpc_seed5_model_0	0.85	0.13	NA	0.56	NA	0.6	0.23	0.37	0.29	NA	0.46	0.84	0.08	0.5	0.2	NA	0.16	NA	NA	NA	0.028165	0.324767	0.289887	0.84	0.27538	0.1878	0.0193	0.0515	0.271783	0.357561	0.291585	0.5	0.307455	0.1612	0.0249	0.0644	NA	NA	NA	NA	NA	NA	NA	NA	0	0	0	0.2	0.043857	0	0	0	NA	NA	NA	NA	NA	NA	NA	NA	NA	NA	NA	NA	NA	NA	NA	NA
gpa_ssDNA_30nt_gpc_seed5_model_1	0.83	0.15	NA	0.53	NA	0.55	0.26	0.36	0.19	NA	0.5	0.82	0.14	0.34	0.11	NA	0.12	NA	NA	NA	0.245109	0.392034	0.35896	0.82	0.322737	0.1205	0.0308	0.1192	0.0053	0.281006	0.081043	0.34	0.175096	0.0946	0.0129	0	NA	NA	NA	NA	NA	NA	NA	NA	0	0	0	0.11	0.034263	0	0	0	NA	NA	NA	NA	NA	NA	NA	NA	NA	NA	NA	NA	NA	NA	NA	NA
gpa_ssDNA_30nt_gpc_seed5_model_2	0.84	0.13	NA	0.54	NA	0.55	0.24	0.35	0.17	NA	0.48	0.84	0.13	0.33	0.09	NA	0.1	NA	NA	NA	0.073356	0.311518	0.281606	0.84	0.285367	0.17	0.0198	0.0509	0.005109	0.273508	0.049533	0.33	0.169068	0.0942	0.0119	0	NA	NA	NA	NA	NA	NA	NA	NA	0	0	0	0.09	0.030417	0	0	0	NA	NA	NA	NA	NA	NA	NA	NA	NA	NA	NA	NA	NA	NA	NA	NA
gpa_ssDNA_30nt_gpc_seed5_model_3	0.84	0.12	NA	0.53	NA	0.52	0.17	0.33	0.16	NA	0.38	0.85	0.05	0.32	0.09	NA	0.08	NA	NA	NA	0.022495	0.279858	0.187327	0.85	0.21544	0.1793	0.0145	0	0.004672	0.256107	0.013798	0.32	0.166103	0.0792	0.0144	0	NA	NA	NA	NA	NA	NA	NA	NA	0	0	0	0.09	0.028523	0	0	0	NA	NA	NA	NA	NA	NA	NA	NA	NA	NA	NA	NA	NA	NA	NA	NA
gpa_ssDNA_30nt_gpc_seed5_model_4	0.84	0.12	NA	0.55	NA	0.5	0.16	0.32	0.17	NA	0.36	0.82	0.03	0.32	0.09	NA	0.1	NA	NA	NA	0.02576	0.306388	0.247497	0.82	0.214709	0.0959	0.016	0.0126	0.004915	0.265755	0.016197	0.32	0.166941	0.0966	0.014	0	NA	NA	NA	NA	NA	NA	NA	NA	0	0	0	0.09	0.031241	0.0189	0.0086	0	NA	NA	NA	NA	NA	NA	NA	NA	NA	NA	NA	NA	NA	NA	NA	NA
gpa_ssDNA_30nt_gpc_seed6_model_0	0.84	0.14	NA	0.53	NA	0.57	0.24	0.39	0.24	NA	0.46	0.86	0.13	0.4	0.18	NA	0.13	NA	NA	NA	0.081163	0.297529	0.259565	0.86	0.253276	0.196	0.0186	0.038	0.067206	0.293553	0.14688	0.4	0.212462	0.1366	0.0215	0.0244	NA	NA	NA	NA	NA	NA	NA	NA	0	0	0	0.18	0.035748	0	0	0	NA	NA	NA	NA	NA	NA	NA	NA	NA	NA	NA	NA	NA	NA	NA	NA
gpa_ssDNA_30nt_gpc_seed6_model_1	0.84	0.13	NA	0.55	NA	0.56	0.24	0.38	0.2	NA	0.47	0.85	0.14	0.35	0.14	NA	0.11	NA	NA	NA	0.07584	0.303961	0.268603	0.85	0.26664	0.1892	0.0197	0.0459	0.005076	0.272336	0.121752	0.35	0.185467	0.1271	0.0138	0	NA	NA	NA	NA	NA	NA	NA	NA	0	0	0	0.14	0.032293	0	0	0	NA	NA	NA	NA	NA	NA	NA	NA	NA	NA	NA	NA	NA	NA	NA	NA
gpa_ssDNA_30nt_gpc_seed6_model_2	0.84	0.12	NA	0.54	NA	0.54	0.22	0.38	0.21	NA	0.42	0.85	0.15	0.36	0.15	NA	0.11	NA	NA	NA	0.073796	0.297716	0.247659	0.85	0.230315	0.1912	0.0161	0.0562	0.005174	0.275379	0.106504	0.36	0.182499	0.0978	0.0143	0.0083	NA	NA	NA	NA	NA	NA	NA	NA	0	0	0	0.15	0.030904	0.0183	0.0084	0	NA	NA	NA	NA	NA	NA	NA	NA	NA	NA	NA	NA	NA	NA	NA	NA
gpa_ssDNA_30nt_gpc_seed6_model_3	0.84	0.13	NA	0.54	NA	0.52	0.21	0.36	0.16	NA	0.4	0.84	0.14	0.3	0.09	NA	0.08	NA	NA	NA	0.024685	0.299244	0.250209	0.84	0.222918	0.159	0.016	0.0425	0.004799	0.261315	0.004799	0.3	0.155148	0.0976	0.0122	0	NA	NA	NA	NA	NA	NA	NA	NA	0	0	0	0.09	0.026936	0.0188	0.008	0	NA	NA	NA	NA	NA	NA	NA	NA	NA	NA	NA	NA	NA	NA	NA	NA
gpa_ssDNA_30nt_gpc_seed6_model_4	0.83	0.12	NA	0.53	NA	0.49	0.16	0.32	0.12	NA	0.38	0.85	0.06	0.26	0.04	NA	0.05	NA	NA	NA	0.022413	0.279018	0.172469	0.85	0.204583	0.1813	0.0133	0	0	0	0	0.26	0.140252	0.0807	0.0113	0	NA	NA	NA	NA	NA	NA	NA	NA	0	0	0	0.04	0.023698	0	0	0	NA	NA	NA	NA	NA	NA	NA	NA	NA	NA	NA	NA	NA	NA	NA	NA
gpa_ssDNA_30nt_gpc_seed7_model_0	0.84	0.14	NA	0.58	NA	0.57	0.22	0.36	0.23	NA	0.46	0.84	0.07	0.4	0.16	NA	0.13	NA	NA	NA	0.125067	0.346913	0.308935	0.84	0.285199	0.111	0.0182	0.0682	0.048457	0.289379	0.138925	0.4	0.21037	0.1242	0.016	0.0206	NA	NA	NA	NA	NA	NA	NA	NA	0	0	0	0.16	0.035141	0	0	0	NA	NA	NA	NA	NA	NA	NA	NA	NA	NA	NA	NA	NA	NA	NA	NA
gpa_ssDNA_30nt_gpc_seed7_model_1	0.84	0.13	NA	0.53	NA	0.54	0.23	0.34	0.14	NA	0.48	0.84	0.12	0.28	0.06	NA	0.08	NA	NA	NA	0.169938	0.358197	0.326875	0.84	0.312494	0.1964	0.0271	0.1043	0	0	0	0.28	0.150055	0.0874	0.0132	0	NA	NA	NA	NA	NA	NA	NA	NA	0	0	0	0.06	0.027591	0	0	0	NA	NA	NA	NA	NA	NA	NA	NA	NA	NA	NA	NA	NA	NA	NA	NA
gpa_ssDNA_30nt_gpc_seed7_model_2	0.84	0.12	NA	0.54	NA	0.52	0.18	0.34	0.18	NA	0.37	0.84	0.08	0.35	0.12	NA	0.09	NA	NA	NA	0.0224	0.278559	0.18135	0.84	0.206744	0.14	0.0131	0	0.008866	0.271778	0.120357	0.35	0.184546	0.122	0.0187	0	NA	NA	NA	NA	NA	NA	NA	NA	0	0	0	0.12	0.028685	0	0	0	NA	NA	NA	NA	NA	NA	NA	NA	NA	NA	NA	NA	NA	NA	NA	NA
gpa_ssDNA_30nt_gpc_seed7_model_3	0.83	0.12	NA	0.54	NA	0.5	0.16	0.33	0.17	NA	0.35	0.83	0.05	0.33	0.11	NA	0.08	NA	NA	NA	0.021832	0.273505	0.167164	0.83	0.200126	0.1178	0.0134	0	0.005045	0.270808	0.034202	0.33	0.167072	0.1007	0.017	0	NA	NA	NA	NA	NA	NA	NA	NA	0	0	0	0.11	0.02701	0	0	0	NA	NA	NA	NA	NA	NA	NA	NA	NA	NA	NA	NA	NA	NA	NA	NA
gpa_ssDNA_30nt_gpc_seed7_model_4	0.83	0.13	NA	0.51	NA	0.49	0.2	0.32	0.09	NA	0.45	0.83	0.1	0.19	0.03	NA	0.03	NA	NA	NA	0.032692	0.296171	0.25493	0.83	0.254972	0.1652	0.0168	0.0461	0	0	0	0.19	0.108345	0.0953	0.0098	0	NA	NA	NA	NA	NA	NA	NA	NA	0	0	0	0.03	0.020092	0	0	0	NA	NA	NA	NA	NA	NA	NA	NA	NA	NA	NA	NA	NA	NA	NA	NA
gpa_ssDNA_30nt_gpc_seed8_model_0	0.85	0.21	NA	0.52	NA	0.62	0.32	0.37	0.19	NA	0.65	0.86	0.17	0.34	0.1	NA	0.13	NA	NA	NA	0.415181	0.458944	0.430351	0.86	0.458944	0.1823	0.069	0.1866	0.005538	0.290039	0.112022	0.34	0.179826	0.124	0.0158	0	NA	NA	NA	NA	NA	NA	NA	NA	0	0	0	0.1	0.034482	0	0	0	NA	NA	NA	NA	NA	NA	NA	NA	NA	NA	NA	NA	NA	NA	NA	NA
gpa_ssDNA_30nt_gpc_seed8_model_1	0.85	0.21	NA	0.53	NA	0.63	0.31	0.41	0.26	NA	0.6	0.86	0.17	0.42	0.2	NA	0.17	NA	NA	NA	0.398903	0.445196	0.415556	0.86	0.40785	0.2558	0.0373	0.1826	0.092972	0.303421	0.211087	0.42	0.225568	0.1358	0.0198	0.0435	NA	NA	NA	NA	NA	NA	NA	NA	0	0	0	0.2	0.042651	0.0186	0.0082	0	NA	NA	NA	NA	NA	NA	NA	NA	NA	NA	NA	NA	NA	NA	NA	NA
gpa_ssDNA_30nt_gpc_seed8_model_2	0.86	0.2	NA	0.53	NA	0.63	0.3	0.4	0.28	NA	0.58	0.84	0.16	0.46	0.22	NA	0.16	NA	NA	NA	0.364144	0.439309	0.408132	0.84	0.37466	0.2578	0.0384	0.1668	0.16623	0.337902	0.275794	0.46	0.254379	0.1503	0.0319	0.0605	NA	NA	NA	NA	NA	NA	NA	NA	0	0	0	0.22	0.043213	0	0	0	NA	NA	NA	NA	NA	NA	NA	NA	NA	NA	NA	NA	NA	NA	NA	NA
gpa_ssDNA_30nt_gpc_seed8_model_3	0.85	0.21	NA	0.54	NA	0.6	0.3	0.38	0.2	NA	0.6	0.86	0.16	0.35	0.13	NA	0.13	NA	NA	NA	0.373986	0.416465	0.388318	0.86	0.406453	0.219	0.0458	0.1679	0.005185	0.276318	0.13762	0.35	0.190572	0.0978	0.0145	0	NA	NA	NA	NA	NA	NA	NA	NA	0	0	0	0.13	0.034937	0.0184	0.0083	0	NA	NA	NA	NA	NA	NA	NA	NA	NA	NA	NA	NA	NA	NA	NA	NA
gpa_ssDNA_30nt_gpc_seed8_model_4	0.84	0.2	NA	0.53	NA	0.6	0.29	0.38	0.21	NA	0.58	0.84	0.16	0.37	0.13	NA	0.13	NA	NA	NA	0.35206	0.413154	0.382302	0.84	0.370827	0.2283	0.032	0.1488	0.009697	0.292048	0.176308	0.37	0.202758	0.1239	0.0212	0.0229	NA	NA	NA	NA	NA	NA	NA	NA	0	0	0	0.13	0.036814	0	0	0	NA	NA	NA	NA	NA	NA	NA	NA	NA	NA	NA	NA	NA	NA	NA	NA
gpa_ssDNA_30nt_gpc_seed9_model_0	0.85	0.21	NA	0.55	NA	0.66	0.33	0.41	0.33	NA	0.64	0.83	0.15	0.52	0.24	NA	0.21	NA	NA	NA	0.390659	0.451913	0.423383	0.83	0.451913	0.2343	0.0568	0.1804	0.27846	0.33919	0.298765	0.52	0.315145	0.102	0.0182	0.0457	NA	NA	NA	NA	NA	NA	NA	NA	0.020693	0.07702	0.020693	0.24	0.055344	0.0187	0.0086	0	NA	NA	NA	NA	NA	NA	NA	NA	NA	NA	NA	NA	NA	NA	NA	NA
gpa_ssDNA_30nt_gpc_seed9_model_1	0.85	0.2	NA	0.56	NA	0.65	0.32	0.41	0.29	NA	0.62	0.86	0.15	0.48	0.21	NA	0.18	NA	NA	NA	0.342459	0.421842	0.393591	0.86	0.421842	0.2334	0.043	0.1594	0.220032	0.304509	0.239768	0.48	0.27355	0.0894	0.0155	0.0263	NA	NA	NA	NA	NA	NA	NA	NA	0.018828	0.070443	0.018828	0.21	0.047065	0	0	0	NA	NA	NA	NA	NA	NA	NA	NA	NA	NA	NA	NA	NA	NA	NA	NA
gpa_ssDNA_30nt_gpc_seed9_model_2	0.85	0.2	NA	0.52	NA	0.53	0.26	0.34	0.06	NA	0.6	0.85	0.15	0.13	0.02	NA	0.03	NA	NA	NA	0.341474	0.41908	0.390876	0.85	0.400846	0.2261	0.0353	0.1671	0	0	0	0.13	0.092704	0.0344	0.0099	0	NA	NA	NA	NA	NA	NA	NA	NA	0	0	0	0.02	0.019069	0	0	0	NA	NA	NA	NA	NA	NA	NA	NA	NA	NA	NA	NA	NA	NA	NA	NA
gpa_ssDNA_30nt_gpc_seed9_model_3	0.86	0.19	NA	0.54	NA	0.63	0.29	0.42	0.27	NA	0.56	0.88	0.15	0.45	0.21	NA	0.15	NA	NA	NA	0.309083	0.40809	0.374096	0.88	0.36983	0.2427	0.0331	0.1398	0.157083	0.29542	0.181458	0.45	0.246728	0.0846	0.0164	0.0201	NA	NA	NA	NA	NA	NA	NA	NA	0	0	0	0.21	0.040818	0	0	0	NA	NA	NA	NA	NA	NA	NA	NA	NA	NA	NA	NA	NA	NA	NA	NA
gpa_ssDNA_30nt_gpc_seed9_model_4	0.85	0.2	NA	0.52	NA	0.52	0.24	0.33	0.07	NA	0.56	0.83	0.14	0.15	0.02	NA	0.03	NA	NA	NA	0.278806	0.401114	0.367054	0.83	0.359919	0.2105	0.0254	0.1257	0	0	0	0.15	0.103669	0.0536	0.009	0	NA	NA	NA	NA	NA	NA	NA	NA	0	0	0	0.02	0.020048	0	0	0	NA	NA	NA	NA	NA	NA	NA	NA	NA	NA	NA	NA	NA	NA	NA	NA
gpa_ssDNA_30nt_seed10_model_0	0.83	0.24	NA	NA	NA	0.83	0.48	0.53	NA	NA	0.78	0.88	0.17	NA	NA	NA	NA	NA	NA	NA	0.607123	0.690271	0.668901	0.88	0.690271	0.3051	0.1436	0.3379	NA	NA	NA	NA	NA	NA	NA	NA	NA	NA	NA	NA	NA	NA	NA	NA	NA	NA	NA	NA	NA	NA	NA	NA	NA	NA	NA	NA	NA	NA	NA	NA	NA	NA	NA	NA	NA	NA	NA	NA
gpa_ssDNA_30nt_seed10_model_1	0.83	0.23	NA	NA	NA	0.84	0.51	0.57	NA	NA	0.78	0.9	0.23	NA	NA	NA	NA	NA	NA	NA	0.547173	0.678971	0.655379	0.9	0.678971	0.287	0.1087	0.3039	NA	NA	NA	NA	NA	NA	NA	NA	NA	NA	NA	NA	NA	NA	NA	NA	NA	NA	NA	NA	NA	NA	NA	NA	NA	NA	NA	NA	NA	NA	NA	NA	NA	NA	NA	NA	NA	NA	NA	NA
gpa_ssDNA_30nt_seed10_model_2	0.83	0.22	NA	NA	NA	0.82	0.46	0.53	NA	NA	0.75	0.89	0.17	NA	NA	NA	NA	NA	NA	NA	0.54638	0.635245	0.610654	0.89	0.635245	0.3245	0.1462	0.2948	NA	NA	NA	NA	NA	NA	NA	NA	NA	NA	NA	NA	NA	NA	NA	NA	NA	NA	NA	NA	NA	NA	NA	NA	NA	NA	NA	NA	NA	NA	NA	NA	NA	NA	NA	NA	NA	NA	NA	NA
gpa_ssDNA_30nt_seed10_model_3	0.83	0.22	NA	NA	NA	0.8	0.44	0.51	NA	NA	0.73	0.86	0.16	NA	NA	NA	NA	NA	NA	NA	0.529278	0.611494	0.588983	0.86	0.611494	0.292	0.1077	0.2905	NA	NA	NA	NA	NA	NA	NA	NA	NA	NA	NA	NA	NA	NA	NA	NA	NA	NA	NA	NA	NA	NA	NA	NA	NA	NA	NA	NA	NA	NA	NA	NA	NA	NA	NA	NA	NA	NA	NA	NA
gpa_ssDNA_30nt_seed10_model_4	0.83	0.22	NA	NA	NA	0.78	0.43	0.5	NA	NA	0.71	0.85	0.15	NA	NA	NA	NA	NA	NA	NA	0.551393	0.592044	0.567316	0.85	0.592044	0.209	0.0607	0.2888	NA	NA	NA	NA	NA	NA	NA	NA	NA	NA	NA	NA	NA	NA	NA	NA	NA	NA	NA	NA	NA	NA	NA	NA	NA	NA	NA	NA	NA	NA	NA	NA	NA	NA	NA	NA	NA	NA	NA	NA
gpa_ssDNA_30nt_seed1_model_0	0.83	0.25	NA	NA	NA	0.82	0.48	0.5	NA	NA	0.81	0.83	0.16	NA	NA	NA	NA	NA	NA	NA	0.637666	0.736528	0.716622	0.83	0.736528	0.3934	0.1765	0.3734	NA	NA	NA	NA	NA	NA	NA	NA	NA	NA	NA	NA	NA	NA	NA	NA	NA	NA	NA	NA	NA	NA	NA	NA	NA	NA	NA	NA	NA	NA	NA	NA	NA	NA	NA	NA	NA	NA	NA	NA
gpa_ssDNA_30nt_seed1_model_1	0.83	0.24	NA	NA	NA	0.85	0.51	0.55	NA	NA	0.8	0.89	0.22	NA	NA	NA	NA	NA	NA	NA	0.614537	0.716895	0.69569	0.89	0.716895	0.2967	0.1648	0.3447	NA	NA	NA	NA	NA	NA	NA	NA	NA	NA	NA	NA	NA	NA	NA	NA	NA	NA	NA	NA	NA	NA	NA	NA	NA	NA	NA	NA	NA	NA	NA	NA	NA	NA	NA	NA	NA	NA	NA	NA
gpa_ssDNA_30nt_seed1_model_2	0.83	0.24	NA	NA	NA	0.84	0.5	0.55	NA	NA	0.79	0.9	0.21	NA	NA	NA	NA	NA	NA	NA	0.589747	0.692502	0.670344	0.9	0.692502	0.3577	0.1737	0.3256	NA	NA	NA	NA	NA	NA	NA	NA	NA	NA	NA	NA	NA	NA	NA	NA	NA	NA	NA	NA	NA	NA	NA	NA	NA	NA	NA	NA	NA	NA	NA	NA	NA	NA	NA	NA	NA	NA	NA	NA
gpa_ssDNA_30nt_seed1_model_3	0.84	0.24	NA	NA	NA	0.83	0.48	0.54	NA	NA	0.77	0.89	0.2	NA	NA	NA	NA	NA	NA	NA	0.58353	0.66981	0.647311	0.89	0.66981	0.3485	0.132	0.3164	NA	NA	NA	NA	NA	NA	NA	NA	NA	NA	NA	NA	NA	NA	NA	NA	NA	NA	NA	NA	NA	NA	NA	NA	NA	NA	NA	NA	NA	NA	NA	NA	NA	NA	NA	NA	NA	NA	NA	NA
gpa_ssDNA_30nt_seed1_model_4	0.83	0.23	NA	NA	NA	0.81	0.46	0.53	NA	NA	0.74	0.88	0.19	NA	NA	NA	NA	NA	NA	NA	0.595171	0.645071	0.622098	0.88	0.645071	0.2224	0.0806	0.328	NA	NA	NA	NA	NA	NA	NA	NA	NA	NA	NA	NA	NA	NA	NA	NA	NA	NA	NA	NA	NA	NA	NA	NA	NA	NA	NA	NA	NA	NA	NA	NA	NA	NA	NA	NA	NA	NA	NA	NA
gpa_ssDNA_30nt_seed2_model_0	0.84	0.24	NA	NA	NA	0.84	0.5	0.55	NA	NA	0.8	0.89	0.21	NA	NA	NA	NA	NA	NA	NA	0.614237	0.719597	0.698571	0.89	0.719597	0.3019	0.1734	0.3463	NA	NA	NA	NA	NA	NA	NA	NA	NA	NA	NA	NA	NA	NA	NA	NA	NA	NA	NA	NA	NA	NA	NA	NA	NA	NA	NA	NA	NA	NA	NA	NA	NA	NA	NA	NA	NA	NA	NA	NA
gpa_ssDNA_30nt_seed2_model_1	0.83	0.24	NA	NA	NA	0.85	0.49	0.55	NA	NA	0.79	0.9	0.2	NA	NA	NA	NA	NA	NA	NA	0.602132	0.710411	0.687414	0.9	0.710411	0.3042	0.0907	0.3388	NA	NA	NA	NA	NA	NA	NA	NA	NA	NA	NA	NA	NA	NA	NA	NA	NA	NA	NA	NA	NA	NA	NA	NA	NA	NA	NA	NA	NA	NA	NA	NA	NA	NA	NA	NA	NA	NA	NA	NA
gpa_ssDNA_30nt_seed2_model_2	0.82	0.23	NA	NA	NA	0.82	0.47	0.54	NA	NA	0.75	0.89	0.18	NA	NA	NA	NA	NA	NA	NA	0.570131	0.644986	0.620276	0.89	0.644986	0.2404	0.1283	0.3046	NA	NA	NA	NA	NA	NA	NA	NA	NA	NA	NA	NA	NA	NA	NA	NA	NA	NA	NA	NA	NA	NA	NA	NA	NA	NA	NA	NA	NA	NA	NA	NA	NA	NA	NA	NA	NA	NA	NA	NA
gpa_ssDNA_30nt_seed2_model_3	0.84	0.22	NA	NA	NA	0.82	0.46	0.53	NA	NA	0.74	0.89	0.17	NA	NA	NA	NA	NA	NA	NA	0.548257	0.633719	0.611389	0.89	0.633719	0.3358	0.1059	0.2976	NA	NA	NA	NA	NA	NA	NA	NA	NA	NA	NA	NA	NA	NA	NA	NA	NA	NA	NA	NA	NA	NA	NA	NA	NA	NA	NA	NA	NA	NA	NA	NA	NA	NA	NA	NA	NA	NA	NA	NA
gpa_ssDNA_30nt_seed2_model_4	0.83	0.22	NA	NA	NA	0.78	0.44	0.51	NA	NA	0.71	0.86	0.16	NA	NA	NA	NA	NA	NA	NA	0.549385	0.606914	0.583688	0.86	0.598685	0.2831	0.0905	0.2953	NA	NA	NA	NA	NA	NA	NA	NA	NA	NA	NA	NA	NA	NA	NA	NA	NA	NA	NA	NA	NA	NA	NA	NA	NA	NA	NA	NA	NA	NA	NA	NA	NA	NA	NA	NA	NA	NA	NA	NA
gpa_ssDNA_30nt_seed3_model_0	0.85	0.12	NA	NA	NA	0.71	0.37	0.54	NA	NA	0.54	0.88	0.21	NA	NA	NA	NA	NA	NA	NA	0.248602	0.372862	0.340743	0.88	0.357274	0.2544	0.028	0.1167	NA	NA	NA	NA	NA	NA	NA	NA	NA	NA	NA	NA	NA	NA	NA	NA	NA	NA	NA	NA	NA	NA	NA	NA	NA	NA	NA	NA	NA	NA	NA	NA	NA	NA	NA	NA	NA	NA	NA	NA
gpa_ssDNA_30nt_seed3_model_1	0.84	0.12	NA	NA	NA	0.68	0.31	0.51	NA	NA	0.49	0.88	0.14	NA	NA	NA	NA	NA	NA	NA	0.124963	0.318568	0.283083	0.88	0.297778	0.203	0.0197	0.0523	NA	NA	NA	NA	NA	NA	NA	NA	NA	NA	NA	NA	NA	NA	NA	NA	NA	NA	NA	NA	NA	NA	NA	NA	NA	NA	NA	NA	NA	NA	NA	NA	NA	NA	NA	NA	NA	NA	NA	NA
gpa_ssDNA_30nt_seed3_model_2	0.84	0.12	NA	NA	NA	0.64	0.25	0.45	NA	NA	0.44	0.85	0.06	NA	NA	NA	NA	NA	NA	NA	0.039625	0.323383	0.282176	0.85	0.264307	0.2138	0.0203	0.0503	NA	NA	NA	NA	NA	NA	NA	NA	NA	NA	NA	NA	NA	NA	NA	NA	NA	NA	NA	NA	NA	NA	NA	NA	NA	NA	NA	NA	NA	NA	NA	NA	NA	NA	NA	NA	NA	NA	NA	NA
gpa_ssDNA_30nt_seed3_model_3	0.84	0.11	NA	NA	NA	0.6	0.2	0.44	NA	NA	0.37	0.83	0.04	NA	NA	NA	NA	NA	NA	NA	0.022673	0.280941	0.204826	0.83	0.2159	0.1295	0.0131	0	NA	NA	NA	NA	NA	NA	NA	NA	NA	NA	NA	NA	NA	NA	NA	NA	NA	NA	NA	NA	NA	NA	NA	NA	NA	NA	NA	NA	NA	NA	NA	NA	NA	NA	NA	NA	NA	NA	NA	NA
gpa_ssDNA_30nt_seed3_model_4	0.84	0.1	NA	NA	NA	0.58	0.18	0.44	NA	NA	0.33	0.84	0.04	NA	NA	NA	NA	NA	NA	NA	0.026696	0.314698	0.252976	0.84	0.192126	0.112	0.0154	0.0309	NA	NA	NA	NA	NA	NA	NA	NA	NA	NA	NA	NA	NA	NA	NA	NA	NA	NA	NA	NA	NA	NA	NA	NA	NA	NA	NA	NA	NA	NA	NA	NA	NA	NA	NA	NA	NA	NA	NA	NA
gpa_ssDNA_30nt_seed4_model_0	0.83	0.24	NA	NA	NA	0.85	0.54	0.58	NA	NA	0.82	0.89	0.27	NA	NA	NA	NA	NA	NA	NA	0.566539	0.746994	0.725759	0.89	0.746994	0.3658	0.1303	0.3365	NA	NA	NA	NA	NA	NA	NA	NA	NA	NA	NA	NA	NA	NA	NA	NA	NA	NA	NA	NA	NA	NA	NA	NA	NA	NA	NA	NA	NA	NA	NA	NA	NA	NA	NA	NA	NA	NA	NA	NA
gpa_ssDNA_30nt_seed4_model_1	0.84	0.24	NA	NA	NA	0.84	0.48	0.53	NA	NA	0.79	0.89	0.18	NA	NA	NA	NA	NA	NA	NA	0.61186	0.70432	0.683318	0.89	0.70432	0.2854	0.1392	0.3439	NA	NA	NA	NA	NA	NA	NA	NA	NA	NA	NA	NA	NA	NA	NA	NA	NA	NA	NA	NA	NA	NA	NA	NA	NA	NA	NA	NA	NA	NA	NA	NA	NA	NA	NA	NA	NA	NA	NA	NA
gpa_ssDNA_30nt_seed4_model_2	0.84	0.24	NA	NA	NA	0.83	0.48	0.54	NA	NA	0.77	0.89	0.18	NA	NA	NA	NA	NA	NA	NA	0.616263	0.684973	0.664108	0.89	0.684973	0.2488	0.1272	0.34	NA	NA	NA	NA	NA	NA	NA	NA	NA	NA	NA	NA	NA	NA	NA	NA	NA	NA	NA	NA	NA	NA	NA	NA	NA	NA	NA	NA	NA	NA	NA	NA	NA	NA	NA	NA	NA	NA	NA	NA
gpa_ssDNA_30nt_seed4_model_3	0.84	0.23	NA	NA	NA	0.82	0.46	0.54	NA	NA	0.74	0.9	0.19	NA	NA	NA	NA	NA	NA	NA	0.61497	0.641296	0.625687	0.9	0.641296	0.2521	0.0915	0.339	NA	NA	NA	NA	NA	NA	NA	NA	NA	NA	NA	NA	NA	NA	NA	NA	NA	NA	NA	NA	NA	NA	NA	NA	NA	NA	NA	NA	NA	NA	NA	NA	NA	NA	NA	NA	NA	NA	NA	NA
gpa_ssDNA_30nt_seed4_model_4	0.82	0.22	NA	NA	NA	0.8	0.45	0.5	NA	NA	0.75	0.85	0.16	NA	NA	NA	NA	NA	NA	NA	0.603533	0.651293	0.628976	0.85	0.651293	0.3052	0.1016	0.3318	NA	NA	NA	NA	NA	NA	NA	NA	NA	NA	NA	NA	NA	NA	NA	NA	NA	NA	NA	NA	NA	NA	NA	NA	NA	NA	NA	NA	NA	NA	NA	NA	NA	NA	NA	NA	NA	NA	NA	NA
gpa_ssDNA_30nt_seed5_model_0	0.85	0.26	NA	NA	NA	0.86	0.54	0.57	NA	NA	0.83	0.9	0.25	NA	NA	NA	NA	NA	NA	NA	0.642237	0.751633	0.73667	0.9	0.751633	0.3682	0.2013	0.3592	NA	NA	NA	NA	NA	NA	NA	NA	NA	NA	NA	NA	NA	NA	NA	NA	NA	NA	NA	NA	NA	NA	NA	NA	NA	NA	NA	NA	NA	NA	NA	NA	NA	NA	NA	NA	NA	NA	NA	NA
gpa_ssDNA_30nt_seed5_model_1	0.84	0.23	NA	NA	NA	0.83	0.47	0.54	NA	NA	0.77	0.9	0.18	NA	NA	NA	NA	NA	NA	NA	0.562036	0.660696	0.637386	0.9	0.660696	0.3317	0.1321	0.3097	NA	NA	NA	NA	NA	NA	NA	NA	NA	NA	NA	NA	NA	NA	NA	NA	NA	NA	NA	NA	NA	NA	NA	NA	NA	NA	NA	NA	NA	NA	NA	NA	NA	NA	NA	NA	NA	NA	NA	NA
gpa_ssDNA_30nt_seed5_model_2	0.83	0.23	NA	NA	NA	0.82	0.46	0.52	NA	NA	0.76	0.87	0.17	NA	NA	NA	NA	NA	NA	NA	0.561545	0.638095	0.613759	0.87	0.638095	0.3292	0.1043	0.2966	NA	NA	NA	NA	NA	NA	NA	NA	NA	NA	NA	NA	NA	NA	NA	NA	NA	NA	NA	NA	NA	NA	NA	NA	NA	NA	NA	NA	NA	NA	NA	NA	NA	NA	NA	NA	NA	NA	NA	NA
gpa_ssDNA_30nt_seed5_model_3	0.84	0.24	NA	NA	NA	0.82	0.47	0.53	NA	NA	0.75	0.88	0.18	NA	NA	NA	NA	NA	NA	NA	0.637689	0.658835	0.648012	0.88	0.658835	0.2846	0.1705	0.3547	NA	NA	NA	NA	NA	NA	NA	NA	NA	NA	NA	NA	NA	NA	NA	NA	NA	NA	NA	NA	NA	NA	NA	NA	NA	NA	NA	NA	NA	NA	NA	NA	NA	NA	NA	NA	NA	NA	NA	NA
gpa_ssDNA_30nt_seed5_model_4	0.83	0.22	NA	NA	NA	0.8	0.44	0.52	NA	NA	0.72	0.87	0.16	NA	NA	NA	NA	NA	NA	NA	0.564626	0.601731	0.57856	0.87	0.601731	0.2716	0.0834	0.3042	NA	NA	NA	NA	NA	NA	NA	NA	NA	NA	NA	NA	NA	NA	NA	NA	NA	NA	NA	NA	NA	NA	NA	NA	NA	NA	NA	NA	NA	NA	NA	NA	NA	NA	NA	NA	NA	NA	NA	NA
gpa_ssDNA_30nt_seed6_model_0	0.84	0.14	NA	NA	NA	0.71	0.35	0.51	NA	NA	0.55	0.87	0.15	NA	NA	NA	NA	NA	NA	NA	0.174685	0.360115	0.329922	0.87	0.359533	0.2555	0.0311	0.0907	NA	NA	NA	NA	NA	NA	NA	NA	NA	NA	NA	NA	NA	NA	NA	NA	NA	NA	NA	NA	NA	NA	NA	NA	NA	NA	NA	NA	NA	NA	NA	NA	NA	NA	NA	NA	NA	NA	NA	NA
gpa_ssDNA_30nt_seed6_model_1	0.83	0.13	NA	NA	NA	0.7	0.38	0.54	NA	NA	0.54	0.86	0.22	NA	NA	NA	NA	NA	NA	NA	0.212357	0.354512	0.320263	0.86	0.350397	0.2701	0.0332	0.0992	NA	NA	NA	NA	NA	NA	NA	NA	NA	NA	NA	NA	NA	NA	NA	NA	NA	NA	NA	NA	NA	NA	NA	NA	NA	NA	NA	NA	NA	NA	NA	NA	NA	NA	NA	NA	NA	NA	NA	NA
gpa_ssDNA_30nt_seed6_model_2	0.85	0.12	NA	NA	NA	0.71	0.34	0.51	NA	NA	0.54	0.88	0.14	NA	NA	NA	NA	NA	NA	NA	0.173091	0.367631	0.338562	0.88	0.367631	0.1735	0.0244	0.1132	NA	NA	NA	NA	NA	NA	NA	NA	NA	NA	NA	NA	NA	NA	NA	NA	NA	NA	NA	NA	NA	NA	NA	NA	NA	NA	NA	NA	NA	NA	NA	NA	NA	NA	NA	NA	NA	NA	NA	NA
gpa_ssDNA_30nt_seed6_model_3	0.83	0.13	NA	NA	NA	0.68	0.29	0.47	NA	NA	0.5	0.87	0.07	NA	NA	NA	NA	NA	NA	NA	0.087494	0.335261	0.301826	0.87	0.312358	0.2185	0.0236	0.0737	NA	NA	NA	NA	NA	NA	NA	NA	NA	NA	NA	NA	NA	NA	NA	NA	NA	NA	NA	NA	NA	NA	NA	NA	NA	NA	NA	NA	NA	NA	NA	NA	NA	NA	NA	NA	NA	NA	NA	NA
gpa_ssDNA_30nt_seed6_model_4	0.83	0.13	NA	NA	NA	0.63	0.23	0.46	NA	NA	0.41	0.85	0.06	NA	NA	NA	NA	NA	NA	NA	0.143883	0.390317	0.342176	0.85	0.253357	0.1478	0.0257	0.106	NA	NA	NA	NA	NA	NA	NA	NA	NA	NA	NA	NA	NA	NA	NA	NA	NA	NA	NA	NA	NA	NA	NA	NA	NA	NA	NA	NA	NA	NA	NA	NA	NA	NA	NA	NA	NA	NA	NA	NA
gpa_ssDNA_30nt_seed7_model_0	0.85	0.13	NA	NA	NA	0.71	0.37	0.53	NA	NA	0.55	0.87	0.19	NA	NA	NA	NA	NA	NA	NA	0.144892	0.361646	0.333785	0.87	0.361646	0.2797	0.0301	0.0903	NA	NA	NA	NA	NA	NA	NA	NA	NA	NA	NA	NA	NA	NA	NA	NA	NA	NA	NA	NA	NA	NA	NA	NA	NA	NA	NA	NA	NA	NA	NA	NA	NA	NA	NA	NA	NA	NA	NA	NA
gpa_ssDNA_30nt_seed7_model_1	0.84	0.12	NA	NA	NA	0.67	0.29	0.49	NA	NA	0.48	0.87	0.11	NA	NA	NA	NA	NA	NA	NA	0.099811	0.307299	0.272802	0.87	0.281692	0.3046	0.0217	0.0535	NA	NA	NA	NA	NA	NA	NA	NA	NA	NA	NA	NA	NA	NA	NA	NA	NA	NA	NA	NA	NA	NA	NA	NA	NA	NA	NA	NA	NA	NA	NA	NA	NA	NA	NA	NA	NA	NA	NA	NA
gpa_ssDNA_30nt_seed7_model_2	0.84	0.11	NA	NA	NA	0.66	0.3	0.51	NA	NA	0.45	0.87	0.15	NA	NA	NA	NA	NA	NA	NA	0.08652	0.307662	0.274485	0.87	0.273103	0.2182	0.0201	0.0549	NA	NA	NA	NA	NA	NA	NA	NA	NA	NA	NA	NA	NA	NA	NA	NA	NA	NA	NA	NA	NA	NA	NA	NA	NA	NA	NA	NA	NA	NA	NA	NA	NA	NA	NA	NA	NA	NA	NA	NA
gpa_ssDNA_30nt_seed7_model_3	0.84	0.11	NA	NA	NA	0.64	0.26	0.49	NA	NA	0.42	0.87	0.11	NA	NA	NA	NA	NA	NA	NA	0.026071	0.309299	0.261129	0.87	0.252336	0.1509	0.0154	0.0288	NA	NA	NA	NA	NA	NA	NA	NA	NA	NA	NA	NA	NA	NA	NA	NA	NA	NA	NA	NA	NA	NA	NA	NA	NA	NA	NA	NA	NA	NA	NA	NA	NA	NA	NA	NA	NA	NA	NA	NA
gpa_ssDNA_30nt_seed7_model_4	0.84	0.11	NA	NA	NA	0.61	0.22	0.44	NA	NA	0.39	0.84	0.05	NA	NA	NA	NA	NA	NA	NA	0.024647	0.297593	0.240482	0.84	0.236133	0.14	0.0143	0.0199	NA	NA	NA	NA	NA	NA	NA	NA	NA	NA	NA	NA	NA	NA	NA	NA	NA	NA	NA	NA	NA	NA	NA	NA	NA	NA	NA	NA	NA	NA	NA	NA	NA	NA	NA	NA	NA	NA	NA	NA
gpa_ssDNA_30nt_seed8_model_0	0.83	0.24	NA	NA	NA	0.84	0.5	0.54	NA	NA	0.8	0.89	0.19	NA	NA	NA	NA	NA	NA	NA	0.65403	0.7291	0.70856	0.89	0.7291	0.3015	0.1407	0.3643	NA	NA	NA	NA	NA	NA	NA	NA	NA	NA	NA	NA	NA	NA	NA	NA	NA	NA	NA	NA	NA	NA	NA	NA	NA	NA	NA	NA	NA	NA	NA	NA	NA	NA	NA	NA	NA	NA	NA	NA
gpa_ssDNA_30nt_seed8_model_1	0.82	0.24	NA	NA	NA	0.83	0.48	0.53	NA	NA	0.78	0.87	0.18	NA	NA	NA	NA	NA	NA	NA	0.65079	0.695986	0.676072	0.87	0.695986	0.337	0.1325	0.3573	NA	NA	NA	NA	NA	NA	NA	NA	NA	NA	NA	NA	NA	NA	NA	NA	NA	NA	NA	NA	NA	NA	NA	NA	NA	NA	NA	NA	NA	NA	NA	NA	NA	NA	NA	NA	NA	NA	NA	NA
gpa_ssDNA_30nt_seed8_model_2	0.84	0.24	NA	NA	NA	0.81	0.46	0.51	NA	NA	0.76	0.85	0.17	NA	NA	NA	NA	NA	NA	NA	0.662411	0.679124	0.67244	0.85	0.679124	0.2681	0.0827	0.3577	NA	NA	NA	NA	NA	NA	NA	NA	NA	NA	NA	NA	NA	NA	NA	NA	NA	NA	NA	NA	NA	NA	NA	NA	NA	NA	NA	NA	NA	NA	NA	NA	NA	NA	NA	NA	NA	NA	NA	NA
gpa_ssDNA_30nt_seed8_model_3	0.83	0.24	NA	NA	NA	0.81	0.47	0.51	NA	NA	0.77	0.85	0.17	NA	NA	NA	NA	NA	NA	NA	0.660642	0.689692	0.670491	0.85	0.689692	0.3304	0.1673	0.3602	NA	NA	NA	NA	NA	NA	NA	NA	NA	NA	NA	NA	NA	NA	NA	NA	NA	NA	NA	NA	NA	NA	NA	NA	NA	NA	NA	NA	NA	NA	NA	NA	NA	NA	NA	NA	NA	NA	NA	NA
gpa_ssDNA_30nt_seed8_model_4	0.85	0.23	NA	NA	NA	0.79	0.46	0.5	NA	NA	0.75	0.84	0.17	NA	NA	NA	NA	NA	NA	NA	0.625834	0.646893	0.636368	0.84	0.646893	0.3894	0.1068	0.3303	NA	NA	NA	NA	NA	NA	NA	NA	NA	NA	NA	NA	NA	NA	NA	NA	NA	NA	NA	NA	NA	NA	NA	NA	NA	NA	NA	NA	NA	NA	NA	NA	NA	NA	NA	NA	NA	NA	NA	NA
gpa_ssDNA_30nt_seed9_model_0	0.84	0.25	NA	NA	NA	0.87	0.52	0.56	NA	NA	0.83	0.91	0.2	NA	NA	NA	NA	NA	NA	NA	0.632603	0.761216	0.743602	0.91	0.761216	0.3566	0.21	0.3782	NA	NA	NA	NA	NA	NA	NA	NA	NA	NA	NA	NA	NA	NA	NA	NA	NA	NA	NA	NA	NA	NA	NA	NA	NA	NA	NA	NA	NA	NA	NA	NA	NA	NA	NA	NA	NA	NA	NA	NA
gpa_ssDNA_30nt_seed9_model_1	0.83	0.24	NA	NA	NA	0.86	0.51	0.56	NA	NA	0.81	0.91	0.22	NA	NA	NA	NA	NA	NA	NA	0.61068	0.736764	0.71601	0.91	0.736764	0.3882	0.1913	0.351	NA	NA	NA	NA	NA	NA	NA	NA	NA	NA	NA	NA	NA	NA	NA	NA	NA	NA	NA	NA	NA	NA	NA	NA	NA	NA	NA	NA	NA	NA	NA	NA	NA	NA	NA	NA	NA	NA	NA	NA
gpa_ssDNA_30nt_seed9_model_2	0.82	0.24	NA	NA	NA	0.82	0.48	0.51	NA	NA	0.79	0.86	0.17	NA	NA	NA	NA	NA	NA	NA	0.6189	0.712289	0.690032	0.86	0.712289	0.3018	0.1587	0.3498	NA	NA	NA	NA	NA	NA	NA	NA	NA	NA	NA	NA	NA	NA	NA	NA	NA	NA	NA	NA	NA	NA	NA	NA	NA	NA	NA	NA	NA	NA	NA	NA	NA	NA	NA	NA	NA	NA	NA	NA
gpa_ssDNA_30nt_seed9_model_3	0.83	0.24	NA	NA	NA	0.83	0.48	0.52	NA	NA	0.79	0.87	0.17	NA	NA	NA	NA	NA	NA	NA	0.615157	0.708273	0.687023	0.87	0.708273	0.2801	0.1721	0.3492	NA	NA	NA	NA	NA	NA	NA	NA	NA	NA	NA	NA	NA	NA	NA	NA	NA	NA	NA	NA	NA	NA	NA	NA	NA	NA	NA	NA	NA	NA	NA	NA	NA	NA	NA	NA	NA	NA	NA	NA
gpa_ssDNA_30nt_seed9_model_4	0.85	0.23	NA	NA	NA	0.82	0.47	0.53	NA	NA	0.77	0.88	0.18	NA	NA	NA	NA	NA	NA	NA	0.612461	0.681251	0.661601	0.88	0.681251	0.3325	0.1284	0.3428	NA	NA	NA	NA	NA	NA	NA	NA	NA	NA	NA	NA	NA	NA	NA	NA	NA	NA	NA	NA	NA	NA	NA	NA	NA	NA	NA	NA	NA	NA	NA	NA	NA	NA	NA	NA	NA	NA	NA	NA
