model	reference_model	pruned_atom_pairs	pruned_rmsd_to_reference	all_atom_pairs	all_pair_rmsd_to_reference	source_file	comparison	hypothesis	seed	system	nt	nt_numeric	dna_type	modifier	modifier_plot	system_short	hypothesis_short	group_short	hypothesis_short_plot
0	gpa_ssDNA_30nt_seed5_model_0	445	0.925	513	5.449	gpa_dsDNA_30nt_vs_gpa_ssDNA_30nt_seed5_model_0.csv	gpa_dsDNA_30nt_vs_gpa_ssDNA_30nt_seed5_model_0	gpa_dsDNA_30nt	1	gpa	30nt	30	dsDNA	NA	DNA-only	A	A-dsDNA	A-dsDNA-s1-m0	A-dsDNA
1	gpa_ssDNA_30nt_seed5_model_0	385	0.865	513	5.372	gpa_dsDNA_30nt_vs_gpa_ssDNA_30nt_seed5_model_0.csv	gpa_dsDNA_30nt_vs_gpa_ssDNA_30nt_seed5_model_0	gpa_dsDNA_30nt	1	gpa	30nt	30	dsDNA	NA	DNA-only	A	A-dsDNA	A-dsDNA-s1-m1	A-dsDNA
2	gpa_ssDNA_30nt_seed5_model_0	452	0.912	513	5.408	gpa_dsDNA_30nt_vs_gpa_ssDNA_30nt_seed5_model_0.csv	gpa_dsDNA_30nt_vs_gpa_ssDNA_30nt_seed5_model_0	gpa_dsDNA_30nt	1	gpa	30nt	30	dsDNA	NA	DNA-only	A	A-dsDNA	A-dsDNA-s1-m2	A-dsDNA
3	gpa_ssDNA_30nt_seed5_model_0	435	0.843	513	5.044	gpa_dsDNA_30nt_vs_gpa_ssDNA_30nt_seed5_model_0.csv	gpa_dsDNA_30nt_vs_gpa_ssDNA_30nt_seed5_model_0	gpa_dsDNA_30nt	1	gpa	30nt	30	dsDNA	NA	DNA-only	A	A-dsDNA	A-dsDNA-s1-m3	A-dsDNA
4	gpa_ssDNA_30nt_seed5_model_0	415	0.842	513	5.432	gpa_dsDNA_30nt_vs_gpa_ssDNA_30nt_seed5_model_0.csv	gpa_dsDNA_30nt_vs_gpa_ssDNA_30nt_seed5_model_0	gpa_dsDNA_30nt	1	gpa	30nt	30	dsDNA	NA	DNA-only	A	A-dsDNA	A-dsDNA-s1-m4	A-dsDNA
0	gpa_ssDNA_30nt_seed5_model_0	429	0.867	513	5.465	gpa_dsDNA_30nt_vs_gpa_ssDNA_30nt_seed5_model_0.csv	gpa_dsDNA_30nt_vs_gpa_ssDNA_30nt_seed5_model_0	gpa_dsDNA_30nt	10	gpa	30nt	30	dsDNA	NA	DNA-only	A	A-dsDNA	A-dsDNA-s10-m0	A-dsDNA
1	gpa_ssDNA_30nt_seed5_model_0	418	0.868	513	5.029	gpa_dsDNA_30nt_vs_gpa_ssDNA_30nt_seed5_model_0.csv	gpa_dsDNA_30nt_vs_gpa_ssDNA_30nt_seed5_model_0	gpa_dsDNA_30nt	10	gpa	30nt	30	dsDNA	NA	DNA-only	A	A-dsDNA	A-dsDNA-s10-m1	A-dsDNA
2	gpa_ssDNA_30nt_seed5_model_0	456	0.762	513	5.024	gpa_dsDNA_30nt_vs_gpa_ssDNA_30nt_seed5_model_0.csv	gpa_dsDNA_30nt_vs_gpa_ssDNA_30nt_seed5_model_0	gpa_dsDNA_30nt	10	gpa	30nt	30	dsDNA	NA	DNA-only	A	A-dsDNA	A-dsDNA-s10-m2	A-dsDNA
3	gpa_ssDNA_30nt_seed5_model_0	433	0.87	513	5.412	gpa_dsDNA_30nt_vs_gpa_ssDNA_30nt_seed5_model_0.csv	gpa_dsDNA_30nt_vs_gpa_ssDNA_30nt_seed5_model_0	gpa_dsDNA_30nt	10	gpa	30nt	30	dsDNA	NA	DNA-only	A	A-dsDNA	A-dsDNA-s10-m3	A-dsDNA
4	gpa_ssDNA_30nt_seed5_model_0	428	0.851	513	5.384	gpa_dsDNA_30nt_vs_gpa_ssDNA_30nt_seed5_model_0.csv	gpa_dsDNA_30nt_vs_gpa_ssDNA_30nt_seed5_model_0	gpa_dsDNA_30nt	10	gpa	30nt	30	dsDNA	NA	DNA-only	A	A-dsDNA	A-dsDNA-s10-m4	A-dsDNA
0	gpa_ssDNA_30nt_seed5_model_0	406	0.922	513	5.363	gpa_dsDNA_30nt_vs_gpa_ssDNA_30nt_seed5_model_0.csv	gpa_dsDNA_30nt_vs_gpa_ssDNA_30nt_seed5_model_0	gpa_dsDNA_30nt	2	gpa	30nt	30	dsDNA	NA	DNA-only	A	A-dsDNA	A-dsDNA-s2-m0	A-dsDNA
1	gpa_ssDNA_30nt_seed5_model_0	447	0.764	513	5.553	gpa_dsDNA_30nt_vs_gpa_ssDNA_30nt_seed5_model_0.csv	gpa_dsDNA_30nt_vs_gpa_ssDNA_30nt_seed5_model_0	gpa_dsDNA_30nt	2	gpa	30nt	30	dsDNA	NA	DNA-only	A	A-dsDNA	A-dsDNA-s2-m1	A-dsDNA
2	gpa_ssDNA_30nt_seed5_model_0	453	0.72	513	5.605	gpa_dsDNA_30nt_vs_gpa_ssDNA_30nt_seed5_model_0.csv	gpa_dsDNA_30nt_vs_gpa_ssDNA_30nt_seed5_model_0	gpa_dsDNA_30nt	2	gpa	30nt	30	dsDNA	NA	DNA-only	A	A-dsDNA	A-dsDNA-s2-m2	A-dsDNA
3	gpa_ssDNA_30nt_seed5_model_0	441	0.747	513	5.564	gpa_dsDNA_30nt_vs_gpa_ssDNA_30nt_seed5_model_0.csv	gpa_dsDNA_30nt_vs_gpa_ssDNA_30nt_seed5_model_0	gpa_dsDNA_30nt	2	gpa	30nt	30	dsDNA	NA	DNA-only	A	A-dsDNA	A-dsDNA-s2-m3	A-dsDNA
4	gpa_ssDNA_30nt_seed5_model_0	456	0.755	513	5.614	gpa_dsDNA_30nt_vs_gpa_ssDNA_30nt_seed5_model_0.csv	gpa_dsDNA_30nt_vs_gpa_ssDNA_30nt_seed5_model_0	gpa_dsDNA_30nt	2	gpa	30nt	30	dsDNA	NA	DNA-only	A	A-dsDNA	A-dsDNA-s2-m4	A-dsDNA
0	gpa_ssDNA_30nt_seed5_model_0	389	0.818	513	5.601	gpa_dsDNA_30nt_vs_gpa_ssDNA_30nt_seed5_model_0.csv	gpa_dsDNA_30nt_vs_gpa_ssDNA_30nt_seed5_model_0	gpa_dsDNA_30nt	3	gpa	30nt	30	dsDNA	NA	DNA-only	A	A-dsDNA	A-dsDNA-s3-m0	A-dsDNA
1	gpa_ssDNA_30nt_seed5_model_0	409	0.88	513	4.999	gpa_dsDNA_30nt_vs_gpa_ssDNA_30nt_seed5_model_0.csv	gpa_dsDNA_30nt_vs_gpa_ssDNA_30nt_seed5_model_0	gpa_dsDNA_30nt	3	gpa	30nt	30	dsDNA	NA	DNA-only	A	A-dsDNA	A-dsDNA-s3-m1	A-dsDNA
2	gpa_ssDNA_30nt_seed5_model_0	387	0.74	513	5.5	gpa_dsDNA_30nt_vs_gpa_ssDNA_30nt_seed5_model_0.csv	gpa_dsDNA_30nt_vs_gpa_ssDNA_30nt_seed5_model_0	gpa_dsDNA_30nt	3	gpa	30nt	30	dsDNA	NA	DNA-only	A	A-dsDNA	A-dsDNA-s3-m2	A-dsDNA
3	gpa_ssDNA_30nt_seed5_model_0	394	0.848	513	5.612	gpa_dsDNA_30nt_vs_gpa_ssDNA_30nt_seed5_model_0.csv	gpa_dsDNA_30nt_vs_gpa_ssDNA_30nt_seed5_model_0	gpa_dsDNA_30nt	3	gpa	30nt	30	dsDNA	NA	DNA-only	A	A-dsDNA	A-dsDNA-s3-m3	A-dsDNA
4	gpa_ssDNA_30nt_seed5_model_0	430	0.849	513	5.003	gpa_dsDNA_30nt_vs_gpa_ssDNA_30nt_seed5_model_0.csv	gpa_dsDNA_30nt_vs_gpa_ssDNA_30nt_seed5_model_0	gpa_dsDNA_30nt	3	gpa	30nt	30	dsDNA	NA	DNA-only	A	A-dsDNA	A-dsDNA-s3-m4	A-dsDNA
0	gpa_ssDNA_30nt_seed5_model_0	420	0.935	513	4.88	gpa_dsDNA_30nt_vs_gpa_ssDNA_30nt_seed5_model_0.csv	gpa_dsDNA_30nt_vs_gpa_ssDNA_30nt_seed5_model_0	gpa_dsDNA_30nt	4	gpa	30nt	30	dsDNA	NA	DNA-only	A	A-dsDNA	A-dsDNA-s4-m0	A-dsDNA
1	gpa_ssDNA_30nt_seed5_model_0	403	0.947	513	2.576	gpa_dsDNA_30nt_vs_gpa_ssDNA_30nt_seed5_model_0.csv	gpa_dsDNA_30nt_vs_gpa_ssDNA_30nt_seed5_model_0	gpa_dsDNA_30nt	4	gpa	30nt	30	dsDNA	NA	DNA-only	A	A-dsDNA	A-dsDNA-s4-m1	A-dsDNA
2	gpa_ssDNA_30nt_seed5_model_0	441	0.914	513	5.45	gpa_dsDNA_30nt_vs_gpa_ssDNA_30nt_seed5_model_0.csv	gpa_dsDNA_30nt_vs_gpa_ssDNA_30nt_seed5_model_0	gpa_dsDNA_30nt	4	gpa	30nt	30	dsDNA	NA	DNA-only	A	A-dsDNA	A-dsDNA-s4-m2	A-dsDNA
3	gpa_ssDNA_30nt_seed5_model_0	416	0.857	513	5.69	gpa_dsDNA_30nt_vs_gpa_ssDNA_30nt_seed5_model_0.csv	gpa_dsDNA_30nt_vs_gpa_ssDNA_30nt_seed5_model_0	gpa_dsDNA_30nt	4	gpa	30nt	30	dsDNA	NA	DNA-only	A	A-dsDNA	A-dsDNA-s4-m3	A-dsDNA
4	gpa_ssDNA_30nt_seed5_model_0	402	0.895	513	5.597	gpa_dsDNA_30nt_vs_gpa_ssDNA_30nt_seed5_model_0.csv	gpa_dsDNA_30nt_vs_gpa_ssDNA_30nt_seed5_model_0	gpa_dsDNA_30nt	4	gpa	30nt	30	dsDNA	NA	DNA-only	A	A-dsDNA	A-dsDNA-s4-m4	A-dsDNA
0	gpa_ssDNA_30nt_seed5_model_0	453	0.788	513	3.28	gpa_dsDNA_30nt_vs_gpa_ssDNA_30nt_seed5_model_0.csv	gpa_dsDNA_30nt_vs_gpa_ssDNA_30nt_seed5_model_0	gpa_dsDNA_30nt	5	gpa	30nt	30	dsDNA	NA	DNA-only	A	A-dsDNA	A-dsDNA-s5-m0	A-dsDNA
1	gpa_ssDNA_30nt_seed5_model_0	458	0.748	513	4.582	gpa_dsDNA_30nt_vs_gpa_ssDNA_30nt_seed5_model_0.csv	gpa_dsDNA_30nt_vs_gpa_ssDNA_30nt_seed5_model_0	gpa_dsDNA_30nt	5	gpa	30nt	30	dsDNA	NA	DNA-only	A	A-dsDNA	A-dsDNA-s5-m1	A-dsDNA
2	gpa_ssDNA_30nt_seed5_model_0	446	0.776	513	3.369	gpa_dsDNA_30nt_vs_gpa_ssDNA_30nt_seed5_model_0.csv	gpa_dsDNA_30nt_vs_gpa_ssDNA_30nt_seed5_model_0	gpa_dsDNA_30nt	5	gpa	30nt	30	dsDNA	NA	DNA-only	A	A-dsDNA	A-dsDNA-s5-m2	A-dsDNA
3	gpa_ssDNA_30nt_seed5_model_0	416	0.888	513	4.667	gpa_dsDNA_30nt_vs_gpa_ssDNA_30nt_seed5_model_0.csv	gpa_dsDNA_30nt_vs_gpa_ssDNA_30nt_seed5_model_0	gpa_dsDNA_30nt	5	gpa	30nt	30	dsDNA	NA	DNA-only	A	A-dsDNA	A-dsDNA-s5-m3	A-dsDNA
4	gpa_ssDNA_30nt_seed5_model_0	447	0.81	513	2.413	gpa_dsDNA_30nt_vs_gpa_ssDNA_30nt_seed5_model_0.csv	gpa_dsDNA_30nt_vs_gpa_ssDNA_30nt_seed5_model_0	gpa_dsDNA_30nt	5	gpa	30nt	30	dsDNA	NA	DNA-only	A	A-dsDNA	A-dsDNA-s5-m4	A-dsDNA
0	gpa_ssDNA_30nt_seed5_model_0	421	0.83	513	5.25	gpa_dsDNA_30nt_vs_gpa_ssDNA_30nt_seed5_model_0.csv	gpa_dsDNA_30nt_vs_gpa_ssDNA_30nt_seed5_model_0	gpa_dsDNA_30nt	6	gpa	30nt	30	dsDNA	NA	DNA-only	A	A-dsDNA	A-dsDNA-s6-m0	A-dsDNA
1	gpa_ssDNA_30nt_seed5_model_0	421	0.905	513	4.919	gpa_dsDNA_30nt_vs_gpa_ssDNA_30nt_seed5_model_0.csv	gpa_dsDNA_30nt_vs_gpa_ssDNA_30nt_seed5_model_0	gpa_dsDNA_30nt	6	gpa	30nt	30	dsDNA	NA	DNA-only	A	A-dsDNA	A-dsDNA-s6-m1	A-dsDNA
2	gpa_ssDNA_30nt_seed5_model_0	421	0.85	513	5.082	gpa_dsDNA_30nt_vs_gpa_ssDNA_30nt_seed5_model_0.csv	gpa_dsDNA_30nt_vs_gpa_ssDNA_30nt_seed5_model_0	gpa_dsDNA_30nt	6	gpa	30nt	30	dsDNA	NA	DNA-only	A	A-dsDNA	A-dsDNA-s6-m2	A-dsDNA
3	gpa_ssDNA_30nt_seed5_model_0	435	0.836	513	5.475	gpa_dsDNA_30nt_vs_gpa_ssDNA_30nt_seed5_model_0.csv	gpa_dsDNA_30nt_vs_gpa_ssDNA_30nt_seed5_model_0	gpa_dsDNA_30nt	6	gpa	30nt	30	dsDNA	NA	DNA-only	A	A-dsDNA	A-dsDNA-s6-m3	A-dsDNA
4	gpa_ssDNA_30nt_seed5_model_0	402	0.942	513	4.268	gpa_dsDNA_30nt_vs_gpa_ssDNA_30nt_seed5_model_0.csv	gpa_dsDNA_30nt_vs_gpa_ssDNA_30nt_seed5_model_0	gpa_dsDNA_30nt	6	gpa	30nt	30	dsDNA	NA	DNA-only	A	A-dsDNA	A-dsDNA-s6-m4	A-dsDNA
0	gpa_ssDNA_30nt_seed5_model_0	390	0.776	513	4.406	gpa_dsDNA_30nt_vs_gpa_ssDNA_30nt_seed5_model_0.csv	gpa_dsDNA_30nt_vs_gpa_ssDNA_30nt_seed5_model_0	gpa_dsDNA_30nt	7	gpa	30nt	30	dsDNA	NA	DNA-only	A	A-dsDNA	A-dsDNA-s7-m0	A-dsDNA
1	gpa_ssDNA_30nt_seed5_model_0	376	0.694	513	5.573	gpa_dsDNA_30nt_vs_gpa_ssDNA_30nt_seed5_model_0.csv	gpa_dsDNA_30nt_vs_gpa_ssDNA_30nt_seed5_model_0	gpa_dsDNA_30nt	7	gpa	30nt	30	dsDNA	NA	DNA-only	A	A-dsDNA	A-dsDNA-s7-m1	A-dsDNA
2	gpa_ssDNA_30nt_seed5_model_0	381	0.819	513	5.171	gpa_dsDNA_30nt_vs_gpa_ssDNA_30nt_seed5_model_0.csv	gpa_dsDNA_30nt_vs_gpa_ssDNA_30nt_seed5_model_0	gpa_dsDNA_30nt	7	gpa	30nt	30	dsDNA	NA	DNA-only	A	A-dsDNA	A-dsDNA-s7-m2	A-dsDNA
3	gpa_ssDNA_30nt_seed5_model_0	380	0.823	513	5.61	gpa_dsDNA_30nt_vs_gpa_ssDNA_30nt_seed5_model_0.csv	gpa_dsDNA_30nt_vs_gpa_ssDNA_30nt_seed5_model_0	gpa_dsDNA_30nt	7	gpa	30nt	30	dsDNA	NA	DNA-only	A	A-dsDNA	A-dsDNA-s7-m3	A-dsDNA
4	gpa_ssDNA_30nt_seed5_model_0	395	0.787	513	5.124	gpa_dsDNA_30nt_vs_gpa_ssDNA_30nt_seed5_model_0.csv	gpa_dsDNA_30nt_vs_gpa_ssDNA_30nt_seed5_model_0	gpa_dsDNA_30nt	7	gpa	30nt	30	dsDNA	NA	DNA-only	A	A-dsDNA	A-dsDNA-s7-m4	A-dsDNA
0	gpa_ssDNA_30nt_seed5_model_0	434	0.82	513	4.782	gpa_dsDNA_30nt_vs_gpa_ssDNA_30nt_seed5_model_0.csv	gpa_dsDNA_30nt_vs_gpa_ssDNA_30nt_seed5_model_0	gpa_dsDNA_30nt	8	gpa	30nt	30	dsDNA	NA	DNA-only	A	A-dsDNA	A-dsDNA-s8-m0	A-dsDNA
1	gpa_ssDNA_30nt_seed5_model_0	405	0.878	513	2.711	gpa_dsDNA_30nt_vs_gpa_ssDNA_30nt_seed5_model_0.csv	gpa_dsDNA_30nt_vs_gpa_ssDNA_30nt_seed5_model_0	gpa_dsDNA_30nt	8	gpa	30nt	30	dsDNA	NA	DNA-only	A	A-dsDNA	A-dsDNA-s8-m1	A-dsDNA
2	gpa_ssDNA_30nt_seed5_model_0	441	0.878	513	5.554	gpa_dsDNA_30nt_vs_gpa_ssDNA_30nt_seed5_model_0.csv	gpa_dsDNA_30nt_vs_gpa_ssDNA_30nt_seed5_model_0	gpa_dsDNA_30nt	8	gpa	30nt	30	dsDNA	NA	DNA-only	A	A-dsDNA	A-dsDNA-s8-m2	A-dsDNA
3	gpa_ssDNA_30nt_seed5_model_0	428	0.821	513	5.671	gpa_dsDNA_30nt_vs_gpa_ssDNA_30nt_seed5_model_0.csv	gpa_dsDNA_30nt_vs_gpa_ssDNA_30nt_seed5_model_0	gpa_dsDNA_30nt	8	gpa	30nt	30	dsDNA	NA	DNA-only	A	A-dsDNA	A-dsDNA-s8-m3	A-dsDNA
4	gpa_ssDNA_30nt_seed5_model_0	444	0.776	513	5.072	gpa_dsDNA_30nt_vs_gpa_ssDNA_30nt_seed5_model_0.csv	gpa_dsDNA_30nt_vs_gpa_ssDNA_30nt_seed5_model_0	gpa_dsDNA_30nt	8	gpa	30nt	30	dsDNA	NA	DNA-only	A	A-dsDNA	A-dsDNA-s8-m4	A-dsDNA
0	gpa_ssDNA_30nt_seed5_model_0	419	0.837	513	4.879	gpa_dsDNA_30nt_vs_gpa_ssDNA_30nt_seed5_model_0.csv	gpa_dsDNA_30nt_vs_gpa_ssDNA_30nt_seed5_model_0	gpa_dsDNA_30nt	9	gpa	30nt	30	dsDNA	NA	DNA-only	A	A-dsDNA	A-dsDNA-s9-m0	A-dsDNA
1	gpa_ssDNA_30nt_seed5_model_0	405	0.9	513	3.64	gpa_dsDNA_30nt_vs_gpa_ssDNA_30nt_seed5_model_0.csv	gpa_dsDNA_30nt_vs_gpa_ssDNA_30nt_seed5_model_0	gpa_dsDNA_30nt	9	gpa	30nt	30	dsDNA	NA	DNA-only	A	A-dsDNA	A-dsDNA-s9-m1	A-dsDNA
2	gpa_ssDNA_30nt_seed5_model_0	422	0.918	513	3.892	gpa_dsDNA_30nt_vs_gpa_ssDNA_30nt_seed5_model_0.csv	gpa_dsDNA_30nt_vs_gpa_ssDNA_30nt_seed5_model_0	gpa_dsDNA_30nt	9	gpa	30nt	30	dsDNA	NA	DNA-only	A	A-dsDNA	A-dsDNA-s9-m2	A-dsDNA
3	gpa_ssDNA_30nt_seed5_model_0	430	0.777	513	5.147	gpa_dsDNA_30nt_vs_gpa_ssDNA_30nt_seed5_model_0.csv	gpa_dsDNA_30nt_vs_gpa_ssDNA_30nt_seed5_model_0	gpa_dsDNA_30nt	9	gpa	30nt	30	dsDNA	NA	DNA-only	A	A-dsDNA	A-dsDNA-s9-m3	A-dsDNA
4	gpa_ssDNA_30nt_seed5_model_0	425	0.915	513	5.558	gpa_dsDNA_30nt_vs_gpa_ssDNA_30nt_seed5_model_0.csv	gpa_dsDNA_30nt_vs_gpa_ssDNA_30nt_seed5_model_0	gpa_dsDNA_30nt	9	gpa	30nt	30	dsDNA	NA	DNA-only	A	A-dsDNA	A-dsDNA-s9-m4	A-dsDNA
0	gpa_ssDNA_30nt_seed5_model_0	361	0.638	513	5.95	gpa_noDNA_gpc_vs_gpa_ssDNA_30nt_seed5_model_0.csv	gpa_noDNA_gpc_vs_gpa_ssDNA_30nt_seed5_model_0	gpa_noDNA_gpc	1	gpa	NA	NA	noDNA	gpc	+ C	A	A-noDNA-gpc	A-noDNA-gpc-s1-m0	A-C
1	gpa_ssDNA_30nt_seed5_model_0	369	0.632	513	5.279	gpa_noDNA_gpc_vs_gpa_ssDNA_30nt_seed5_model_0.csv	gpa_noDNA_gpc_vs_gpa_ssDNA_30nt_seed5_model_0	gpa_noDNA_gpc	1	gpa	NA	NA	noDNA	gpc	+ C	A	A-noDNA-gpc	A-noDNA-gpc-s1-m1	A-C
2	gpa_ssDNA_30nt_seed5_model_0	375	0.651	513	5.646	gpa_noDNA_gpc_vs_gpa_ssDNA_30nt_seed5_model_0.csv	gpa_noDNA_gpc_vs_gpa_ssDNA_30nt_seed5_model_0	gpa_noDNA_gpc	1	gpa	NA	NA	noDNA	gpc	+ C	A	A-noDNA-gpc	A-noDNA-gpc-s1-m2	A-C
3	gpa_ssDNA_30nt_seed5_model_0	415	0.833	513	5.879	gpa_noDNA_gpc_vs_gpa_ssDNA_30nt_seed5_model_0.csv	gpa_noDNA_gpc_vs_gpa_ssDNA_30nt_seed5_model_0	gpa_noDNA_gpc	1	gpa	NA	NA	noDNA	gpc	+ C	A	A-noDNA-gpc	A-noDNA-gpc-s1-m3	A-C
4	gpa_ssDNA_30nt_seed5_model_0	373	0.603	513	5.653	gpa_noDNA_gpc_vs_gpa_ssDNA_30nt_seed5_model_0.csv	gpa_noDNA_gpc_vs_gpa_ssDNA_30nt_seed5_model_0	gpa_noDNA_gpc	1	gpa	NA	NA	noDNA	gpc	+ C	A	A-noDNA-gpc	A-noDNA-gpc-s1-m4	A-C
0	gpa_ssDNA_30nt_seed5_model_0	367	0.7	513	5.51	gpa_noDNA_gpc_vs_gpa_ssDNA_30nt_seed5_model_0.csv	gpa_noDNA_gpc_vs_gpa_ssDNA_30nt_seed5_model_0	gpa_noDNA_gpc	10	gpa	NA	NA	noDNA	gpc	+ C	A	A-noDNA-gpc	A-noDNA-gpc-s10-m0	A-C
1	gpa_ssDNA_30nt_seed5_model_0	363	0.676	513	5.952	gpa_noDNA_gpc_vs_gpa_ssDNA_30nt_seed5_model_0.csv	gpa_noDNA_gpc_vs_gpa_ssDNA_30nt_seed5_model_0	gpa_noDNA_gpc	10	gpa	NA	NA	noDNA	gpc	+ C	A	A-noDNA-gpc	A-noDNA-gpc-s10-m1	A-C
2	gpa_ssDNA_30nt_seed5_model_0	375	0.705	513	5.614	gpa_noDNA_gpc_vs_gpa_ssDNA_30nt_seed5_model_0.csv	gpa_noDNA_gpc_vs_gpa_ssDNA_30nt_seed5_model_0	gpa_noDNA_gpc	10	gpa	NA	NA	noDNA	gpc	+ C	A	A-noDNA-gpc	A-noDNA-gpc-s10-m2	A-C
3	gpa_ssDNA_30nt_seed5_model_0	380	0.634	513	4.057	gpa_noDNA_gpc_vs_gpa_ssDNA_30nt_seed5_model_0.csv	gpa_noDNA_gpc_vs_gpa_ssDNA_30nt_seed5_model_0	gpa_noDNA_gpc	10	gpa	NA	NA	noDNA	gpc	+ C	A	A-noDNA-gpc	A-noDNA-gpc-s10-m3	A-C
4	gpa_ssDNA_30nt_seed5_model_0	358	0.713	513	5.646	gpa_noDNA_gpc_vs_gpa_ssDNA_30nt_seed5_model_0.csv	gpa_noDNA_gpc_vs_gpa_ssDNA_30nt_seed5_model_0	gpa_noDNA_gpc	10	gpa	NA	NA	noDNA	gpc	+ C	A	A-noDNA-gpc	A-noDNA-gpc-s10-m4	A-C
0	gpa_ssDNA_30nt_seed5_model_0	377	0.652	513	5.34	gpa_noDNA_gpc_vs_gpa_ssDNA_30nt_seed5_model_0.csv	gpa_noDNA_gpc_vs_gpa_ssDNA_30nt_seed5_model_0	gpa_noDNA_gpc	2	gpa	NA	NA	noDNA	gpc	+ C	A	A-noDNA-gpc	A-noDNA-gpc-s2-m0	A-C
1	gpa_ssDNA_30nt_seed5_model_0	373	0.704	513	5.121	gpa_noDNA_gpc_vs_gpa_ssDNA_30nt_seed5_model_0.csv	gpa_noDNA_gpc_vs_gpa_ssDNA_30nt_seed5_model_0	gpa_noDNA_gpc	2	gpa	NA	NA	noDNA	gpc	+ C	A	A-noDNA-gpc	A-noDNA-gpc-s2-m1	A-C
2	gpa_ssDNA_30nt_seed5_model_0	372	0.707	513	5.823	gpa_noDNA_gpc_vs_gpa_ssDNA_30nt_seed5_model_0.csv	gpa_noDNA_gpc_vs_gpa_ssDNA_30nt_seed5_model_0	gpa_noDNA_gpc	2	gpa	NA	NA	noDNA	gpc	+ C	A	A-noDNA-gpc	A-noDNA-gpc-s2-m2	A-C
3	gpa_ssDNA_30nt_seed5_model_0	380	0.829	513	5.489	gpa_noDNA_gpc_vs_gpa_ssDNA_30nt_seed5_model_0.csv	gpa_noDNA_gpc_vs_gpa_ssDNA_30nt_seed5_model_0	gpa_noDNA_gpc	2	gpa	NA	NA	noDNA	gpc	+ C	A	A-noDNA-gpc	A-noDNA-gpc-s2-m3	A-C
4	gpa_ssDNA_30nt_seed5_model_0	381	0.795	513	4.964	gpa_noDNA_gpc_vs_gpa_ssDNA_30nt_seed5_model_0.csv	gpa_noDNA_gpc_vs_gpa_ssDNA_30nt_seed5_model_0	gpa_noDNA_gpc	2	gpa	NA	NA	noDNA	gpc	+ C	A	A-noDNA-gpc	A-noDNA-gpc-s2-m4	A-C
0	gpa_ssDNA_30nt_seed5_model_0	390	0.735	513	3.13	gpa_noDNA_gpc_vs_gpa_ssDNA_30nt_seed5_model_0.csv	gpa_noDNA_gpc_vs_gpa_ssDNA_30nt_seed5_model_0	gpa_noDNA_gpc	3	gpa	NA	NA	noDNA	gpc	+ C	A	A-noDNA-gpc	A-noDNA-gpc-s3-m0	A-C
1	gpa_ssDNA_30nt_seed5_model_0	390	0.812	513	5.154	gpa_noDNA_gpc_vs_gpa_ssDNA_30nt_seed5_model_0.csv	gpa_noDNA_gpc_vs_gpa_ssDNA_30nt_seed5_model_0	gpa_noDNA_gpc	3	gpa	NA	NA	noDNA	gpc	+ C	A	A-noDNA-gpc	A-noDNA-gpc-s3-m1	A-C
2	gpa_ssDNA_30nt_seed5_model_0	377	0.657	513	5.037	gpa_noDNA_gpc_vs_gpa_ssDNA_30nt_seed5_model_0.csv	gpa_noDNA_gpc_vs_gpa_ssDNA_30nt_seed5_model_0	gpa_noDNA_gpc	3	gpa	NA	NA	noDNA	gpc	+ C	A	A-noDNA-gpc	A-noDNA-gpc-s3-m2	A-C
3	gpa_ssDNA_30nt_seed5_model_0	398	0.686	513	5.63	gpa_noDNA_gpc_vs_gpa_ssDNA_30nt_seed5_model_0.csv	gpa_noDNA_gpc_vs_gpa_ssDNA_30nt_seed5_model_0	gpa_noDNA_gpc	3	gpa	NA	NA	noDNA	gpc	+ C	A	A-noDNA-gpc	A-noDNA-gpc-s3-m3	A-C
4	gpa_ssDNA_30nt_seed5_model_0	372	0.632	513	5.731	gpa_noDNA_gpc_vs_gpa_ssDNA_30nt_seed5_model_0.csv	gpa_noDNA_gpc_vs_gpa_ssDNA_30nt_seed5_model_0	gpa_noDNA_gpc	3	gpa	NA	NA	noDNA	gpc	+ C	A	A-noDNA-gpc	A-noDNA-gpc-s3-m4	A-C
0	gpa_ssDNA_30nt_seed5_model_0	362	0.853	513	5.347	gpa_noDNA_gpc_vs_gpa_ssDNA_30nt_seed5_model_0.csv	gpa_noDNA_gpc_vs_gpa_ssDNA_30nt_seed5_model_0	gpa_noDNA_gpc	4	gpa	NA	NA	noDNA	gpc	+ C	A	A-noDNA-gpc	A-noDNA-gpc-s4-m0	A-C
1	gpa_ssDNA_30nt_seed5_model_0	371	0.758	513	5.726	gpa_noDNA_gpc_vs_gpa_ssDNA_30nt_seed5_model_0.csv	gpa_noDNA_gpc_vs_gpa_ssDNA_30nt_seed5_model_0	gpa_noDNA_gpc	4	gpa	NA	NA	noDNA	gpc	+ C	A	A-noDNA-gpc	A-noDNA-gpc-s4-m1	A-C
2	gpa_ssDNA_30nt_seed5_model_0	365	0.659	513	4.957	gpa_noDNA_gpc_vs_gpa_ssDNA_30nt_seed5_model_0.csv	gpa_noDNA_gpc_vs_gpa_ssDNA_30nt_seed5_model_0	gpa_noDNA_gpc	4	gpa	NA	NA	noDNA	gpc	+ C	A	A-noDNA-gpc	A-noDNA-gpc-s4-m2	A-C
3	gpa_ssDNA_30nt_seed5_model_0	393	0.81	513	5.101	gpa_noDNA_gpc_vs_gpa_ssDNA_30nt_seed5_model_0.csv	gpa_noDNA_gpc_vs_gpa_ssDNA_30nt_seed5_model_0	gpa_noDNA_gpc	4	gpa	NA	NA	noDNA	gpc	+ C	A	A-noDNA-gpc	A-noDNA-gpc-s4-m3	A-C
4	gpa_ssDNA_30nt_seed5_model_0	434	0.824	513	5.469	gpa_noDNA_gpc_vs_gpa_ssDNA_30nt_seed5_model_0.csv	gpa_noDNA_gpc_vs_gpa_ssDNA_30nt_seed5_model_0	gpa_noDNA_gpc	4	gpa	NA	NA	noDNA	gpc	+ C	A	A-noDNA-gpc	A-noDNA-gpc-s4-m4	A-C
0	gpa_ssDNA_30nt_seed5_model_0	453	0.699	513	5.993	gpa_noDNA_gpc_vs_gpa_ssDNA_30nt_seed5_model_0.csv	gpa_noDNA_gpc_vs_gpa_ssDNA_30nt_seed5_model_0	gpa_noDNA_gpc	5	gpa	NA	NA	noDNA	gpc	+ C	A	A-noDNA-gpc	A-noDNA-gpc-s5-m0	A-C
1	gpa_ssDNA_30nt_seed5_model_0	405	0.795	513	6.046	gpa_noDNA_gpc_vs_gpa_ssDNA_30nt_seed5_model_0.csv	gpa_noDNA_gpc_vs_gpa_ssDNA_30nt_seed5_model_0	gpa_noDNA_gpc	5	gpa	NA	NA	noDNA	gpc	+ C	A	A-noDNA-gpc	A-noDNA-gpc-s5-m1	A-C
2	gpa_ssDNA_30nt_seed5_model_0	445	0.866	513	4.665	gpa_noDNA_gpc_vs_gpa_ssDNA_30nt_seed5_model_0.csv	gpa_noDNA_gpc_vs_gpa_ssDNA_30nt_seed5_model_0	gpa_noDNA_gpc	5	gpa	NA	NA	noDNA	gpc	+ C	A	A-noDNA-gpc	A-noDNA-gpc-s5-m2	A-C
3	gpa_ssDNA_30nt_seed5_model_0	456	0.88	513	4.626	gpa_noDNA_gpc_vs_gpa_ssDNA_30nt_seed5_model_0.csv	gpa_noDNA_gpc_vs_gpa_ssDNA_30nt_seed5_model_0	gpa_noDNA_gpc	5	gpa	NA	NA	noDNA	gpc	+ C	A	A-noDNA-gpc	A-noDNA-gpc-s5-m3	A-C
4	gpa_ssDNA_30nt_seed5_model_0	458	0.751	513	4.311	gpa_noDNA_gpc_vs_gpa_ssDNA_30nt_seed5_model_0.csv	gpa_noDNA_gpc_vs_gpa_ssDNA_30nt_seed5_model_0	gpa_noDNA_gpc	5	gpa	NA	NA	noDNA	gpc	+ C	A	A-noDNA-gpc	A-noDNA-gpc-s5-m4	A-C
0	gpa_ssDNA_30nt_seed5_model_0	431	0.788	513	5.485	gpa_noDNA_gpc_vs_gpa_ssDNA_30nt_seed5_model_0.csv	gpa_noDNA_gpc_vs_gpa_ssDNA_30nt_seed5_model_0	gpa_noDNA_gpc	6	gpa	NA	NA	noDNA	gpc	+ C	A	A-noDNA-gpc	A-noDNA-gpc-s6-m0	A-C
1	gpa_ssDNA_30nt_seed5_model_0	434	0.67	513	5.408	gpa_noDNA_gpc_vs_gpa_ssDNA_30nt_seed5_model_0.csv	gpa_noDNA_gpc_vs_gpa_ssDNA_30nt_seed5_model_0	gpa_noDNA_gpc	6	gpa	NA	NA	noDNA	gpc	+ C	A	A-noDNA-gpc	A-noDNA-gpc-s6-m1	A-C
2	gpa_ssDNA_30nt_seed5_model_0	442	0.522	513	4.955	gpa_noDNA_gpc_vs_gpa_ssDNA_30nt_seed5_model_0.csv	gpa_noDNA_gpc_vs_gpa_ssDNA_30nt_seed5_model_0	gpa_noDNA_gpc	6	gpa	NA	NA	noDNA	gpc	+ C	A	A-noDNA-gpc	A-noDNA-gpc-s6-m2	A-C
3	gpa_ssDNA_30nt_seed5_model_0	438	0.687	513	5.079	gpa_noDNA_gpc_vs_gpa_ssDNA_30nt_seed5_model_0.csv	gpa_noDNA_gpc_vs_gpa_ssDNA_30nt_seed5_model_0	gpa_noDNA_gpc	6	gpa	NA	NA	noDNA	gpc	+ C	A	A-noDNA-gpc	A-noDNA-gpc-s6-m3	A-C
4	gpa_ssDNA_30nt_seed5_model_0	450	0.676	513	2.988	gpa_noDNA_gpc_vs_gpa_ssDNA_30nt_seed5_model_0.csv	gpa_noDNA_gpc_vs_gpa_ssDNA_30nt_seed5_model_0	gpa_noDNA_gpc	6	gpa	NA	NA	noDNA	gpc	+ C	A	A-noDNA-gpc	A-noDNA-gpc-s6-m4	A-C
0	gpa_ssDNA_30nt_seed5_model_0	313	0.676	513	6.934	gpa_noDNA_gpc_vs_gpa_ssDNA_30nt_seed5_model_0.csv	gpa_noDNA_gpc_vs_gpa_ssDNA_30nt_seed5_model_0	gpa_noDNA_gpc	7	gpa	NA	NA	noDNA	gpc	+ C	A	A-noDNA-gpc	A-noDNA-gpc-s7-m0	A-C
1	gpa_ssDNA_30nt_seed5_model_0	333	0.692	513	6.949	gpa_noDNA_gpc_vs_gpa_ssDNA_30nt_seed5_model_0.csv	gpa_noDNA_gpc_vs_gpa_ssDNA_30nt_seed5_model_0	gpa_noDNA_gpc	7	gpa	NA	NA	noDNA	gpc	+ C	A	A-noDNA-gpc	A-noDNA-gpc-s7-m1	A-C
2	gpa_ssDNA_30nt_seed5_model_0	360	0.62	513	6.526	gpa_noDNA_gpc_vs_gpa_ssDNA_30nt_seed5_model_0.csv	gpa_noDNA_gpc_vs_gpa_ssDNA_30nt_seed5_model_0	gpa_noDNA_gpc	7	gpa	NA	NA	noDNA	gpc	+ C	A	A-noDNA-gpc	A-noDNA-gpc-s7-m2	A-C
3	gpa_ssDNA_30nt_seed5_model_0	360	0.703	513	6.674	gpa_noDNA_gpc_vs_gpa_ssDNA_30nt_seed5_model_0.csv	gpa_noDNA_gpc_vs_gpa_ssDNA_30nt_seed5_model_0	gpa_noDNA_gpc	7	gpa	NA	NA	noDNA	gpc	+ C	A	A-noDNA-gpc	A-noDNA-gpc-s7-m3	A-C
4	gpa_ssDNA_30nt_seed5_model_0	368	0.801	513	4.782	gpa_noDNA_gpc_vs_gpa_ssDNA_30nt_seed5_model_0.csv	gpa_noDNA_gpc_vs_gpa_ssDNA_30nt_seed5_model_0	gpa_noDNA_gpc	7	gpa	NA	NA	noDNA	gpc	+ C	A	A-noDNA-gpc	A-noDNA-gpc-s7-m4	A-C
0	gpa_ssDNA_30nt_seed5_model_0	374	0.59	513	3.397	gpa_noDNA_gpc_vs_gpa_ssDNA_30nt_seed5_model_0.csv	gpa_noDNA_gpc_vs_gpa_ssDNA_30nt_seed5_model_0	gpa_noDNA_gpc	8	gpa	NA	NA	noDNA	gpc	+ C	A	A-noDNA-gpc	A-noDNA-gpc-s8-m0	A-C
1	gpa_ssDNA_30nt_seed5_model_0	367	0.705	513	4.987	gpa_noDNA_gpc_vs_gpa_ssDNA_30nt_seed5_model_0.csv	gpa_noDNA_gpc_vs_gpa_ssDNA_30nt_seed5_model_0	gpa_noDNA_gpc	8	gpa	NA	NA	noDNA	gpc	+ C	A	A-noDNA-gpc	A-noDNA-gpc-s8-m1	A-C
2	gpa_ssDNA_30nt_seed5_model_0	366	0.741	513	5.237	gpa_noDNA_gpc_vs_gpa_ssDNA_30nt_seed5_model_0.csv	gpa_noDNA_gpc_vs_gpa_ssDNA_30nt_seed5_model_0	gpa_noDNA_gpc	8	gpa	NA	NA	noDNA	gpc	+ C	A	A-noDNA-gpc	A-noDNA-gpc-s8-m2	A-C
3	gpa_ssDNA_30nt_seed5_model_0	364	0.663	513	3.39	gpa_noDNA_gpc_vs_gpa_ssDNA_30nt_seed5_model_0.csv	gpa_noDNA_gpc_vs_gpa_ssDNA_30nt_seed5_model_0	gpa_noDNA_gpc	8	gpa	NA	NA	noDNA	gpc	+ C	A	A-noDNA-gpc	A-noDNA-gpc-s8-m3	A-C
4	gpa_ssDNA_30nt_seed5_model_0	392	0.721	513	5.075	gpa_noDNA_gpc_vs_gpa_ssDNA_30nt_seed5_model_0.csv	gpa_noDNA_gpc_vs_gpa_ssDNA_30nt_seed5_model_0	gpa_noDNA_gpc	8	gpa	NA	NA	noDNA	gpc	+ C	A	A-noDNA-gpc	A-noDNA-gpc-s8-m4	A-C
0	gpa_ssDNA_30nt_seed5_model_0	379	0.685	513	5.482	gpa_noDNA_gpc_vs_gpa_ssDNA_30nt_seed5_model_0.csv	gpa_noDNA_gpc_vs_gpa_ssDNA_30nt_seed5_model_0	gpa_noDNA_gpc	9	gpa	NA	NA	noDNA	gpc	+ C	A	A-noDNA-gpc	A-noDNA-gpc-s9-m0	A-C
1	gpa_ssDNA_30nt_seed5_model_0	382	0.664	513	3.401	gpa_noDNA_gpc_vs_gpa_ssDNA_30nt_seed5_model_0.csv	gpa_noDNA_gpc_vs_gpa_ssDNA_30nt_seed5_model_0	gpa_noDNA_gpc	9	gpa	NA	NA	noDNA	gpc	+ C	A	A-noDNA-gpc	A-noDNA-gpc-s9-m1	A-C
2	gpa_ssDNA_30nt_seed5_model_0	370	0.671	513	5.778	gpa_noDNA_gpc_vs_gpa_ssDNA_30nt_seed5_model_0.csv	gpa_noDNA_gpc_vs_gpa_ssDNA_30nt_seed5_model_0	gpa_noDNA_gpc	9	gpa	NA	NA	noDNA	gpc	+ C	A	A-noDNA-gpc	A-noDNA-gpc-s9-m2	A-C
3	gpa_ssDNA_30nt_seed5_model_0	378	0.74	513	3.33	gpa_noDNA_gpc_vs_gpa_ssDNA_30nt_seed5_model_0.csv	gpa_noDNA_gpc_vs_gpa_ssDNA_30nt_seed5_model_0	gpa_noDNA_gpc	9	gpa	NA	NA	noDNA	gpc	+ C	A	A-noDNA-gpc	A-noDNA-gpc-s9-m3	A-C
4	gpa_ssDNA_30nt_seed5_model_0	367	0.631	513	5.484	gpa_noDNA_gpc_vs_gpa_ssDNA_30nt_seed5_model_0.csv	gpa_noDNA_gpc_vs_gpa_ssDNA_30nt_seed5_model_0	gpa_noDNA_gpc	9	gpa	NA	NA	noDNA	gpc	+ C	A	A-noDNA-gpc	A-noDNA-gpc-s9-m4	A-C
0	gpa_ssDNA_30nt_seed5_model_0	309	0.997	513	6.157	gpa_ssDNA_30nt_2rep_gpc_vs_gpa_ssDNA_30nt_seed5_model_0.csv	gpa_ssDNA_30nt_2rep_gpc_vs_gpa_ssDNA_30nt_seed5_model_0	gpa_ssDNA_30nt_2rep_gpc	1	gpa	30nt	30	ssDNA	2rep_gpc	+ 2Rep + C	A	A-ssDNA-2rep_gpc	A-ssDNA-2rep_gpc-s1-m0	A-C-DNA-Rep
1	gpa_ssDNA_30nt_seed5_model_0	251	0.758	513	7.79	gpa_ssDNA_30nt_2rep_gpc_vs_gpa_ssDNA_30nt_seed5_model_0.csv	gpa_ssDNA_30nt_2rep_gpc_vs_gpa_ssDNA_30nt_seed5_model_0	gpa_ssDNA_30nt_2rep_gpc	1	gpa	30nt	30	ssDNA	2rep_gpc	+ 2Rep + C	A	A-ssDNA-2rep_gpc	A-ssDNA-2rep_gpc-s1-m1	A-C-DNA-Rep
2	gpa_ssDNA_30nt_seed5_model_0	320	1.161	513	6.452	gpa_ssDNA_30nt_2rep_gpc_vs_gpa_ssDNA_30nt_seed5_model_0.csv	gpa_ssDNA_30nt_2rep_gpc_vs_gpa_ssDNA_30nt_seed5_model_0	gpa_ssDNA_30nt_2rep_gpc	1	gpa	30nt	30	ssDNA	2rep_gpc	+ 2Rep + C	A	A-ssDNA-2rep_gpc	A-ssDNA-2rep_gpc-s1-m2	A-C-DNA-Rep
3	gpa_ssDNA_30nt_seed5_model_0	329	1.111	513	6.367	gpa_ssDNA_30nt_2rep_gpc_vs_gpa_ssDNA_30nt_seed5_model_0.csv	gpa_ssDNA_30nt_2rep_gpc_vs_gpa_ssDNA_30nt_seed5_model_0	gpa_ssDNA_30nt_2rep_gpc	1	gpa	30nt	30	ssDNA	2rep_gpc	+ 2Rep + C	A	A-ssDNA-2rep_gpc	A-ssDNA-2rep_gpc-s1-m3	A-C-DNA-Rep
4	gpa_ssDNA_30nt_seed5_model_0	297	0.78	513	7.157	gpa_ssDNA_30nt_2rep_gpc_vs_gpa_ssDNA_30nt_seed5_model_0.csv	gpa_ssDNA_30nt_2rep_gpc_vs_gpa_ssDNA_30nt_seed5_model_0	gpa_ssDNA_30nt_2rep_gpc	1	gpa	30nt	30	ssDNA	2rep_gpc	+ 2Rep + C	A	A-ssDNA-2rep_gpc	A-ssDNA-2rep_gpc-s1-m4	A-C-DNA-Rep
0	gpa_ssDNA_30nt_seed5_model_0	439	0.862	513	5.238	gpa_ssDNA_30nt_2rep_gpc_vs_gpa_ssDNA_30nt_seed5_model_0.csv	gpa_ssDNA_30nt_2rep_gpc_vs_gpa_ssDNA_30nt_seed5_model_0	gpa_ssDNA_30nt_2rep_gpc	10	gpa	30nt	30	ssDNA	2rep_gpc	+ 2Rep + C	A	A-ssDNA-2rep_gpc	A-ssDNA-2rep_gpc-s10-m0	A-C-DNA-Rep
1	gpa_ssDNA_30nt_seed5_model_0	386	1.011	513	5.822	gpa_ssDNA_30nt_2rep_gpc_vs_gpa_ssDNA_30nt_seed5_model_0.csv	gpa_ssDNA_30nt_2rep_gpc_vs_gpa_ssDNA_30nt_seed5_model_0	gpa_ssDNA_30nt_2rep_gpc	10	gpa	30nt	30	ssDNA	2rep_gpc	+ 2Rep + C	A	A-ssDNA-2rep_gpc	A-ssDNA-2rep_gpc-s10-m1	A-C-DNA-Rep
2	gpa_ssDNA_30nt_seed5_model_0	423	1.05	513	6.113	gpa_ssDNA_30nt_2rep_gpc_vs_gpa_ssDNA_30nt_seed5_model_0.csv	gpa_ssDNA_30nt_2rep_gpc_vs_gpa_ssDNA_30nt_seed5_model_0	gpa_ssDNA_30nt_2rep_gpc	10	gpa	30nt	30	ssDNA	2rep_gpc	+ 2Rep + C	A	A-ssDNA-2rep_gpc	A-ssDNA-2rep_gpc-s10-m2	A-C-DNA-Rep
3	gpa_ssDNA_30nt_seed5_model_0	362	0.852	513	6.295	gpa_ssDNA_30nt_2rep_gpc_vs_gpa_ssDNA_30nt_seed5_model_0.csv	gpa_ssDNA_30nt_2rep_gpc_vs_gpa_ssDNA_30nt_seed5_model_0	gpa_ssDNA_30nt_2rep_gpc	10	gpa	30nt	30	ssDNA	2rep_gpc	+ 2Rep + C	A	A-ssDNA-2rep_gpc	A-ssDNA-2rep_gpc-s10-m3	A-C-DNA-Rep
4	gpa_ssDNA_30nt_seed5_model_0	317	0.748	513	6.472	gpa_ssDNA_30nt_2rep_gpc_vs_gpa_ssDNA_30nt_seed5_model_0.csv	gpa_ssDNA_30nt_2rep_gpc_vs_gpa_ssDNA_30nt_seed5_model_0	gpa_ssDNA_30nt_2rep_gpc	10	gpa	30nt	30	ssDNA	2rep_gpc	+ 2Rep + C	A	A-ssDNA-2rep_gpc	A-ssDNA-2rep_gpc-s10-m4	A-C-DNA-Rep
0	gpa_ssDNA_30nt_seed5_model_0	151	0.61	513	31.844	gpa_ssDNA_30nt_2rep_gpc_vs_gpa_ssDNA_30nt_seed5_model_0.csv	gpa_ssDNA_30nt_2rep_gpc_vs_gpa_ssDNA_30nt_seed5_model_0	gpa_ssDNA_30nt_2rep_gpc	2	gpa	30nt	30	ssDNA	2rep_gpc	+ 2Rep + C	A	A-ssDNA-2rep_gpc	A-ssDNA-2rep_gpc-s2-m0	A-C-DNA-Rep
1	gpa_ssDNA_30nt_seed5_model_0	101	1.066	513	22.219	gpa_ssDNA_30nt_2rep_gpc_vs_gpa_ssDNA_30nt_seed5_model_0.csv	gpa_ssDNA_30nt_2rep_gpc_vs_gpa_ssDNA_30nt_seed5_model_0	gpa_ssDNA_30nt_2rep_gpc	2	gpa	30nt	30	ssDNA	2rep_gpc	+ 2Rep + C	A	A-ssDNA-2rep_gpc	A-ssDNA-2rep_gpc-s2-m1	A-C-DNA-Rep
2	gpa_ssDNA_30nt_seed5_model_0	185	0.563	513	31.845	gpa_ssDNA_30nt_2rep_gpc_vs_gpa_ssDNA_30nt_seed5_model_0.csv	gpa_ssDNA_30nt_2rep_gpc_vs_gpa_ssDNA_30nt_seed5_model_0	gpa_ssDNA_30nt_2rep_gpc	2	gpa	30nt	30	ssDNA	2rep_gpc	+ 2Rep + C	A	A-ssDNA-2rep_gpc	A-ssDNA-2rep_gpc-s2-m2	A-C-DNA-Rep
3	gpa_ssDNA_30nt_seed5_model_0	11	1.453	513	24.861	gpa_ssDNA_30nt_2rep_gpc_vs_gpa_ssDNA_30nt_seed5_model_0.csv	gpa_ssDNA_30nt_2rep_gpc_vs_gpa_ssDNA_30nt_seed5_model_0	gpa_ssDNA_30nt_2rep_gpc	2	gpa	30nt	30	ssDNA	2rep_gpc	+ 2Rep + C	A	A-ssDNA-2rep_gpc	A-ssDNA-2rep_gpc-s2-m3	A-C-DNA-Rep
4	gpa_ssDNA_30nt_seed5_model_0	8	1.245	513	32.549	gpa_ssDNA_30nt_2rep_gpc_vs_gpa_ssDNA_30nt_seed5_model_0.csv	gpa_ssDNA_30nt_2rep_gpc_vs_gpa_ssDNA_30nt_seed5_model_0	gpa_ssDNA_30nt_2rep_gpc	2	gpa	30nt	30	ssDNA	2rep_gpc	+ 2Rep + C	A	A-ssDNA-2rep_gpc	A-ssDNA-2rep_gpc-s2-m4	A-C-DNA-Rep
0	gpa_ssDNA_30nt_seed5_model_0	361	0.713	513	4.719	gpa_ssDNA_30nt_2rep_gpc_vs_gpa_ssDNA_30nt_seed5_model_0.csv	gpa_ssDNA_30nt_2rep_gpc_vs_gpa_ssDNA_30nt_seed5_model_0	gpa_ssDNA_30nt_2rep_gpc	3	gpa	30nt	30	ssDNA	2rep_gpc	+ 2Rep + C	A	A-ssDNA-2rep_gpc	A-ssDNA-2rep_gpc-s3-m0	A-C-DNA-Rep
1	gpa_ssDNA_30nt_seed5_model_0	410	0.819	513	5.167	gpa_ssDNA_30nt_2rep_gpc_vs_gpa_ssDNA_30nt_seed5_model_0.csv	gpa_ssDNA_30nt_2rep_gpc_vs_gpa_ssDNA_30nt_seed5_model_0	gpa_ssDNA_30nt_2rep_gpc	3	gpa	30nt	30	ssDNA	2rep_gpc	+ 2Rep + C	A	A-ssDNA-2rep_gpc	A-ssDNA-2rep_gpc-s3-m1	A-C-DNA-Rep
2	gpa_ssDNA_30nt_seed5_model_0	387	0.812	513	5.059	gpa_ssDNA_30nt_2rep_gpc_vs_gpa_ssDNA_30nt_seed5_model_0.csv	gpa_ssDNA_30nt_2rep_gpc_vs_gpa_ssDNA_30nt_seed5_model_0	gpa_ssDNA_30nt_2rep_gpc	3	gpa	30nt	30	ssDNA	2rep_gpc	+ 2Rep + C	A	A-ssDNA-2rep_gpc	A-ssDNA-2rep_gpc-s3-m2	A-C-DNA-Rep
3	gpa_ssDNA_30nt_seed5_model_0	404	0.736	513	6.363	gpa_ssDNA_30nt_2rep_gpc_vs_gpa_ssDNA_30nt_seed5_model_0.csv	gpa_ssDNA_30nt_2rep_gpc_vs_gpa_ssDNA_30nt_seed5_model_0	gpa_ssDNA_30nt_2rep_gpc	3	gpa	30nt	30	ssDNA	2rep_gpc	+ 2Rep + C	A	A-ssDNA-2rep_gpc	A-ssDNA-2rep_gpc-s3-m3	A-C-DNA-Rep
4	gpa_ssDNA_30nt_seed5_model_0	414	0.814	513	5.745	gpa_ssDNA_30nt_2rep_gpc_vs_gpa_ssDNA_30nt_seed5_model_0.csv	gpa_ssDNA_30nt_2rep_gpc_vs_gpa_ssDNA_30nt_seed5_model_0	gpa_ssDNA_30nt_2rep_gpc	3	gpa	30nt	30	ssDNA	2rep_gpc	+ 2Rep + C	A	A-ssDNA-2rep_gpc	A-ssDNA-2rep_gpc-s3-m4	A-C-DNA-Rep
0	gpa_ssDNA_30nt_seed5_model_0	298	0.733	513	5.929	gpa_ssDNA_30nt_2rep_gpc_vs_gpa_ssDNA_30nt_seed5_model_0.csv	gpa_ssDNA_30nt_2rep_gpc_vs_gpa_ssDNA_30nt_seed5_model_0	gpa_ssDNA_30nt_2rep_gpc	4	gpa	30nt	30	ssDNA	2rep_gpc	+ 2Rep + C	A	A-ssDNA-2rep_gpc	A-ssDNA-2rep_gpc-s4-m0	A-C-DNA-Rep
1	gpa_ssDNA_30nt_seed5_model_0	362	1.014	513	4.437	gpa_ssDNA_30nt_2rep_gpc_vs_gpa_ssDNA_30nt_seed5_model_0.csv	gpa_ssDNA_30nt_2rep_gpc_vs_gpa_ssDNA_30nt_seed5_model_0	gpa_ssDNA_30nt_2rep_gpc	4	gpa	30nt	30	ssDNA	2rep_gpc	+ 2Rep + C	A	A-ssDNA-2rep_gpc	A-ssDNA-2rep_gpc-s4-m1	A-C-DNA-Rep
2	gpa_ssDNA_30nt_seed5_model_0	309	0.637	513	5.863	gpa_ssDNA_30nt_2rep_gpc_vs_gpa_ssDNA_30nt_seed5_model_0.csv	gpa_ssDNA_30nt_2rep_gpc_vs_gpa_ssDNA_30nt_seed5_model_0	gpa_ssDNA_30nt_2rep_gpc	4	gpa	30nt	30	ssDNA	2rep_gpc	+ 2Rep + C	A	A-ssDNA-2rep_gpc	A-ssDNA-2rep_gpc-s4-m2	A-C-DNA-Rep
3	gpa_ssDNA_30nt_seed5_model_0	392	0.892	513	4.984	gpa_ssDNA_30nt_2rep_gpc_vs_gpa_ssDNA_30nt_seed5_model_0.csv	gpa_ssDNA_30nt_2rep_gpc_vs_gpa_ssDNA_30nt_seed5_model_0	gpa_ssDNA_30nt_2rep_gpc	4	gpa	30nt	30	ssDNA	2rep_gpc	+ 2Rep + C	A	A-ssDNA-2rep_gpc	A-ssDNA-2rep_gpc-s4-m3	A-C-DNA-Rep
4	gpa_ssDNA_30nt_seed5_model_0	342	0.772	513	5.038	gpa_ssDNA_30nt_2rep_gpc_vs_gpa_ssDNA_30nt_seed5_model_0.csv	gpa_ssDNA_30nt_2rep_gpc_vs_gpa_ssDNA_30nt_seed5_model_0	gpa_ssDNA_30nt_2rep_gpc	4	gpa	30nt	30	ssDNA	2rep_gpc	+ 2Rep + C	A	A-ssDNA-2rep_gpc	A-ssDNA-2rep_gpc-s4-m4	A-C-DNA-Rep
0	gpa_ssDNA_30nt_seed5_model_0	265	0.687	513	16.63	gpa_ssDNA_30nt_2rep_gpc_vs_gpa_ssDNA_30nt_seed5_model_0.csv	gpa_ssDNA_30nt_2rep_gpc_vs_gpa_ssDNA_30nt_seed5_model_0	gpa_ssDNA_30nt_2rep_gpc	5	gpa	30nt	30	ssDNA	2rep_gpc	+ 2Rep + C	A	A-ssDNA-2rep_gpc	A-ssDNA-2rep_gpc-s5-m0	A-C-DNA-Rep
1	gpa_ssDNA_30nt_seed5_model_0	268	0.575	513	31.235	gpa_ssDNA_30nt_2rep_gpc_vs_gpa_ssDNA_30nt_seed5_model_0.csv	gpa_ssDNA_30nt_2rep_gpc_vs_gpa_ssDNA_30nt_seed5_model_0	gpa_ssDNA_30nt_2rep_gpc	5	gpa	30nt	30	ssDNA	2rep_gpc	+ 2Rep + C	A	A-ssDNA-2rep_gpc	A-ssDNA-2rep_gpc-s5-m1	A-C-DNA-Rep
2	gpa_ssDNA_30nt_seed5_model_0	258	0.648	513	22.398	gpa_ssDNA_30nt_2rep_gpc_vs_gpa_ssDNA_30nt_seed5_model_0.csv	gpa_ssDNA_30nt_2rep_gpc_vs_gpa_ssDNA_30nt_seed5_model_0	gpa_ssDNA_30nt_2rep_gpc	5	gpa	30nt	30	ssDNA	2rep_gpc	+ 2Rep + C	A	A-ssDNA-2rep_gpc	A-ssDNA-2rep_gpc-s5-m2	A-C-DNA-Rep
3	gpa_ssDNA_30nt_seed5_model_0	274	0.762	513	22.315	gpa_ssDNA_30nt_2rep_gpc_vs_gpa_ssDNA_30nt_seed5_model_0.csv	gpa_ssDNA_30nt_2rep_gpc_vs_gpa_ssDNA_30nt_seed5_model_0	gpa_ssDNA_30nt_2rep_gpc	5	gpa	30nt	30	ssDNA	2rep_gpc	+ 2Rep + C	A	A-ssDNA-2rep_gpc	A-ssDNA-2rep_gpc-s5-m3	A-C-DNA-Rep
4	gpa_ssDNA_30nt_seed5_model_0	276	0.797	513	24.461	gpa_ssDNA_30nt_2rep_gpc_vs_gpa_ssDNA_30nt_seed5_model_0.csv	gpa_ssDNA_30nt_2rep_gpc_vs_gpa_ssDNA_30nt_seed5_model_0	gpa_ssDNA_30nt_2rep_gpc	5	gpa	30nt	30	ssDNA	2rep_gpc	+ 2Rep + C	A	A-ssDNA-2rep_gpc	A-ssDNA-2rep_gpc-s5-m4	A-C-DNA-Rep
0	gpa_ssDNA_30nt_seed5_model_0	176	0.539	513	40.723	gpa_ssDNA_30nt_2rep_gpc_vs_gpa_ssDNA_30nt_seed5_model_0.csv	gpa_ssDNA_30nt_2rep_gpc_vs_gpa_ssDNA_30nt_seed5_model_0	gpa_ssDNA_30nt_2rep_gpc	6	gpa	30nt	30	ssDNA	2rep_gpc	+ 2Rep + C	A	A-ssDNA-2rep_gpc	A-ssDNA-2rep_gpc-s6-m0	A-C-DNA-Rep
1	gpa_ssDNA_30nt_seed5_model_0	195	0.727	513	23.491	gpa_ssDNA_30nt_2rep_gpc_vs_gpa_ssDNA_30nt_seed5_model_0.csv	gpa_ssDNA_30nt_2rep_gpc_vs_gpa_ssDNA_30nt_seed5_model_0	gpa_ssDNA_30nt_2rep_gpc	6	gpa	30nt	30	ssDNA	2rep_gpc	+ 2Rep + C	A	A-ssDNA-2rep_gpc	A-ssDNA-2rep_gpc-s6-m1	A-C-DNA-Rep
2	gpa_ssDNA_30nt_seed5_model_0	203	0.567	513	34.123	gpa_ssDNA_30nt_2rep_gpc_vs_gpa_ssDNA_30nt_seed5_model_0.csv	gpa_ssDNA_30nt_2rep_gpc_vs_gpa_ssDNA_30nt_seed5_model_0	gpa_ssDNA_30nt_2rep_gpc	6	gpa	30nt	30	ssDNA	2rep_gpc	+ 2Rep + C	A	A-ssDNA-2rep_gpc	A-ssDNA-2rep_gpc-s6-m2	A-C-DNA-Rep
3	gpa_ssDNA_30nt_seed5_model_0	146	0.667	513	16.825	gpa_ssDNA_30nt_2rep_gpc_vs_gpa_ssDNA_30nt_seed5_model_0.csv	gpa_ssDNA_30nt_2rep_gpc_vs_gpa_ssDNA_30nt_seed5_model_0	gpa_ssDNA_30nt_2rep_gpc	6	gpa	30nt	30	ssDNA	2rep_gpc	+ 2Rep + C	A	A-ssDNA-2rep_gpc	A-ssDNA-2rep_gpc-s6-m3	A-C-DNA-Rep
4	gpa_ssDNA_30nt_seed5_model_0	59	0.522	513	21.91	gpa_ssDNA_30nt_2rep_gpc_vs_gpa_ssDNA_30nt_seed5_model_0.csv	gpa_ssDNA_30nt_2rep_gpc_vs_gpa_ssDNA_30nt_seed5_model_0	gpa_ssDNA_30nt_2rep_gpc	6	gpa	30nt	30	ssDNA	2rep_gpc	+ 2Rep + C	A	A-ssDNA-2rep_gpc	A-ssDNA-2rep_gpc-s6-m4	A-C-DNA-Rep
0	gpa_ssDNA_30nt_seed5_model_0	256	0.628	513	5.873	gpa_ssDNA_30nt_2rep_gpc_vs_gpa_ssDNA_30nt_seed5_model_0.csv	gpa_ssDNA_30nt_2rep_gpc_vs_gpa_ssDNA_30nt_seed5_model_0	gpa_ssDNA_30nt_2rep_gpc	7	gpa	30nt	30	ssDNA	2rep_gpc	+ 2Rep + C	A	A-ssDNA-2rep_gpc	A-ssDNA-2rep_gpc-s7-m0	A-C-DNA-Rep
1	gpa_ssDNA_30nt_seed5_model_0	277	0.759	513	6.128	gpa_ssDNA_30nt_2rep_gpc_vs_gpa_ssDNA_30nt_seed5_model_0.csv	gpa_ssDNA_30nt_2rep_gpc_vs_gpa_ssDNA_30nt_seed5_model_0	gpa_ssDNA_30nt_2rep_gpc	7	gpa	30nt	30	ssDNA	2rep_gpc	+ 2Rep + C	A	A-ssDNA-2rep_gpc	A-ssDNA-2rep_gpc-s7-m1	A-C-DNA-Rep
2	gpa_ssDNA_30nt_seed5_model_0	263	0.67	513	13.04	gpa_ssDNA_30nt_2rep_gpc_vs_gpa_ssDNA_30nt_seed5_model_0.csv	gpa_ssDNA_30nt_2rep_gpc_vs_gpa_ssDNA_30nt_seed5_model_0	gpa_ssDNA_30nt_2rep_gpc	7	gpa	30nt	30	ssDNA	2rep_gpc	+ 2Rep + C	A	A-ssDNA-2rep_gpc	A-ssDNA-2rep_gpc-s7-m2	A-C-DNA-Rep
3	gpa_ssDNA_30nt_seed5_model_0	332	0.812	513	6.484	gpa_ssDNA_30nt_2rep_gpc_vs_gpa_ssDNA_30nt_seed5_model_0.csv	gpa_ssDNA_30nt_2rep_gpc_vs_gpa_ssDNA_30nt_seed5_model_0	gpa_ssDNA_30nt_2rep_gpc	7	gpa	30nt	30	ssDNA	2rep_gpc	+ 2Rep + C	A	A-ssDNA-2rep_gpc	A-ssDNA-2rep_gpc-s7-m3	A-C-DNA-Rep
4	gpa_ssDNA_30nt_seed5_model_0	310	0.521	513	9.166	gpa_ssDNA_30nt_2rep_gpc_vs_gpa_ssDNA_30nt_seed5_model_0.csv	gpa_ssDNA_30nt_2rep_gpc_vs_gpa_ssDNA_30nt_seed5_model_0	gpa_ssDNA_30nt_2rep_gpc	7	gpa	30nt	30	ssDNA	2rep_gpc	+ 2Rep + C	A	A-ssDNA-2rep_gpc	A-ssDNA-2rep_gpc-s7-m4	A-C-DNA-Rep
0	gpa_ssDNA_30nt_seed5_model_0	64	0.469	513	20.917	gpa_ssDNA_30nt_2rep_gpc_vs_gpa_ssDNA_30nt_seed5_model_0.csv	gpa_ssDNA_30nt_2rep_gpc_vs_gpa_ssDNA_30nt_seed5_model_0	gpa_ssDNA_30nt_2rep_gpc	8	gpa	30nt	30	ssDNA	2rep_gpc	+ 2Rep + C	A	A-ssDNA-2rep_gpc	A-ssDNA-2rep_gpc-s8-m0	A-C-DNA-Rep
1	gpa_ssDNA_30nt_seed5_model_0	257	0.61	513	26.512	gpa_ssDNA_30nt_2rep_gpc_vs_gpa_ssDNA_30nt_seed5_model_0.csv	gpa_ssDNA_30nt_2rep_gpc_vs_gpa_ssDNA_30nt_seed5_model_0	gpa_ssDNA_30nt_2rep_gpc	8	gpa	30nt	30	ssDNA	2rep_gpc	+ 2Rep + C	A	A-ssDNA-2rep_gpc	A-ssDNA-2rep_gpc-s8-m1	A-C-DNA-Rep
2	gpa_ssDNA_30nt_seed5_model_0	261	0.842	513	35.732	gpa_ssDNA_30nt_2rep_gpc_vs_gpa_ssDNA_30nt_seed5_model_0.csv	gpa_ssDNA_30nt_2rep_gpc_vs_gpa_ssDNA_30nt_seed5_model_0	gpa_ssDNA_30nt_2rep_gpc	8	gpa	30nt	30	ssDNA	2rep_gpc	+ 2Rep + C	A	A-ssDNA-2rep_gpc	A-ssDNA-2rep_gpc-s8-m2	A-C-DNA-Rep
3	gpa_ssDNA_30nt_seed5_model_0	261	0.713	513	13.643	gpa_ssDNA_30nt_2rep_gpc_vs_gpa_ssDNA_30nt_seed5_model_0.csv	gpa_ssDNA_30nt_2rep_gpc_vs_gpa_ssDNA_30nt_seed5_model_0	gpa_ssDNA_30nt_2rep_gpc	8	gpa	30nt	30	ssDNA	2rep_gpc	+ 2Rep + C	A	A-ssDNA-2rep_gpc	A-ssDNA-2rep_gpc-s8-m3	A-C-DNA-Rep
4	gpa_ssDNA_30nt_seed5_model_0	259	0.775	513	29.243	gpa_ssDNA_30nt_2rep_gpc_vs_gpa_ssDNA_30nt_seed5_model_0.csv	gpa_ssDNA_30nt_2rep_gpc_vs_gpa_ssDNA_30nt_seed5_model_0	gpa_ssDNA_30nt_2rep_gpc	8	gpa	30nt	30	ssDNA	2rep_gpc	+ 2Rep + C	A	A-ssDNA-2rep_gpc	A-ssDNA-2rep_gpc-s8-m4	A-C-DNA-Rep
0	gpa_ssDNA_30nt_seed5_model_0	255	0.789	513	13.581	gpa_ssDNA_30nt_2rep_gpc_vs_gpa_ssDNA_30nt_seed5_model_0.csv	gpa_ssDNA_30nt_2rep_gpc_vs_gpa_ssDNA_30nt_seed5_model_0	gpa_ssDNA_30nt_2rep_gpc	9	gpa	30nt	30	ssDNA	2rep_gpc	+ 2Rep + C	A	A-ssDNA-2rep_gpc	A-ssDNA-2rep_gpc-s9-m0	A-C-DNA-Rep
1	gpa_ssDNA_30nt_seed5_model_0	236	0.741	513	14.454	gpa_ssDNA_30nt_2rep_gpc_vs_gpa_ssDNA_30nt_seed5_model_0.csv	gpa_ssDNA_30nt_2rep_gpc_vs_gpa_ssDNA_30nt_seed5_model_0	gpa_ssDNA_30nt_2rep_gpc	9	gpa	30nt	30	ssDNA	2rep_gpc	+ 2Rep + C	A	A-ssDNA-2rep_gpc	A-ssDNA-2rep_gpc-s9-m1	A-C-DNA-Rep
2	gpa_ssDNA_30nt_seed5_model_0	242	0.801	513	14.498	gpa_ssDNA_30nt_2rep_gpc_vs_gpa_ssDNA_30nt_seed5_model_0.csv	gpa_ssDNA_30nt_2rep_gpc_vs_gpa_ssDNA_30nt_seed5_model_0	gpa_ssDNA_30nt_2rep_gpc	9	gpa	30nt	30	ssDNA	2rep_gpc	+ 2Rep + C	A	A-ssDNA-2rep_gpc	A-ssDNA-2rep_gpc-s9-m2	A-C-DNA-Rep
3	gpa_ssDNA_30nt_seed5_model_0	276	0.735	513	17.317	gpa_ssDNA_30nt_2rep_gpc_vs_gpa_ssDNA_30nt_seed5_model_0.csv	gpa_ssDNA_30nt_2rep_gpc_vs_gpa_ssDNA_30nt_seed5_model_0	gpa_ssDNA_30nt_2rep_gpc	9	gpa	30nt	30	ssDNA	2rep_gpc	+ 2Rep + C	A	A-ssDNA-2rep_gpc	A-ssDNA-2rep_gpc-s9-m3	A-C-DNA-Rep
4	gpa_ssDNA_30nt_seed5_model_0	95	0.522	513	11.102	gpa_ssDNA_30nt_2rep_gpc_vs_gpa_ssDNA_30nt_seed5_model_0.csv	gpa_ssDNA_30nt_2rep_gpc_vs_gpa_ssDNA_30nt_seed5_model_0	gpa_ssDNA_30nt_2rep_gpc	9	gpa	30nt	30	ssDNA	2rep_gpc	+ 2Rep + C	A	A-ssDNA-2rep_gpc	A-ssDNA-2rep_gpc-s9-m4	A-C-DNA-Rep
0	gpa_ssDNA_30nt_seed5_model_0	406	0.682	513	5.281	gpa_ssDNA_30nt_gpc_vs_gpa_ssDNA_30nt_seed5_model_0.csv	gpa_ssDNA_30nt_gpc_vs_gpa_ssDNA_30nt_seed5_model_0	gpa_ssDNA_30nt_gpc	1	gpa	30nt	30	ssDNA	gpc	+ C	A	A-ssDNA-gpc	A-ssDNA-gpc-s1-m0	A-C-DNA
1	gpa_ssDNA_30nt_seed5_model_0	397	0.709	513	5.142	gpa_ssDNA_30nt_gpc_vs_gpa_ssDNA_30nt_seed5_model_0.csv	gpa_ssDNA_30nt_gpc_vs_gpa_ssDNA_30nt_seed5_model_0	gpa_ssDNA_30nt_gpc	1	gpa	30nt	30	ssDNA	gpc	+ C	A	A-ssDNA-gpc	A-ssDNA-gpc-s1-m1	A-C-DNA
2	gpa_ssDNA_30nt_seed5_model_0	413	0.699	513	1.967	gpa_ssDNA_30nt_gpc_vs_gpa_ssDNA_30nt_seed5_model_0.csv	gpa_ssDNA_30nt_gpc_vs_gpa_ssDNA_30nt_seed5_model_0	gpa_ssDNA_30nt_gpc	1	gpa	30nt	30	ssDNA	gpc	+ C	A	A-ssDNA-gpc	A-ssDNA-gpc-s1-m2	A-C-DNA
3	gpa_ssDNA_30nt_seed5_model_0	397	0.699	513	4.632	gpa_ssDNA_30nt_gpc_vs_gpa_ssDNA_30nt_seed5_model_0.csv	gpa_ssDNA_30nt_gpc_vs_gpa_ssDNA_30nt_seed5_model_0	gpa_ssDNA_30nt_gpc	1	gpa	30nt	30	ssDNA	gpc	+ C	A	A-ssDNA-gpc	A-ssDNA-gpc-s1-m3	A-C-DNA
4	gpa_ssDNA_30nt_seed5_model_0	391	0.654	513	5.018	gpa_ssDNA_30nt_gpc_vs_gpa_ssDNA_30nt_seed5_model_0.csv	gpa_ssDNA_30nt_gpc_vs_gpa_ssDNA_30nt_seed5_model_0	gpa_ssDNA_30nt_gpc	1	gpa	30nt	30	ssDNA	gpc	+ C	A	A-ssDNA-gpc	A-ssDNA-gpc-s1-m4	A-C-DNA
0	gpa_ssDNA_30nt_seed5_model_0	355	0.7	513	3.806	gpa_ssDNA_30nt_gpc_vs_gpa_ssDNA_30nt_seed5_model_0.csv	gpa_ssDNA_30nt_gpc_vs_gpa_ssDNA_30nt_seed5_model_0	gpa_ssDNA_30nt_gpc	10	gpa	30nt	30	ssDNA	gpc	+ C	A	A-ssDNA-gpc	A-ssDNA-gpc-s10-m0	A-C-DNA
1	gpa_ssDNA_30nt_seed5_model_0	378	0.769	513	5.085	gpa_ssDNA_30nt_gpc_vs_gpa_ssDNA_30nt_seed5_model_0.csv	gpa_ssDNA_30nt_gpc_vs_gpa_ssDNA_30nt_seed5_model_0	gpa_ssDNA_30nt_gpc	10	gpa	30nt	30	ssDNA	gpc	+ C	A	A-ssDNA-gpc	A-ssDNA-gpc-s10-m1	A-C-DNA
2	gpa_ssDNA_30nt_seed5_model_0	347	0.696	513	4.096	gpa_ssDNA_30nt_gpc_vs_gpa_ssDNA_30nt_seed5_model_0.csv	gpa_ssDNA_30nt_gpc_vs_gpa_ssDNA_30nt_seed5_model_0	gpa_ssDNA_30nt_gpc	10	gpa	30nt	30	ssDNA	gpc	+ C	A	A-ssDNA-gpc	A-ssDNA-gpc-s10-m2	A-C-DNA
3	gpa_ssDNA_30nt_seed5_model_0	336	0.692	513	4.504	gpa_ssDNA_30nt_gpc_vs_gpa_ssDNA_30nt_seed5_model_0.csv	gpa_ssDNA_30nt_gpc_vs_gpa_ssDNA_30nt_seed5_model_0	gpa_ssDNA_30nt_gpc	10	gpa	30nt	30	ssDNA	gpc	+ C	A	A-ssDNA-gpc	A-ssDNA-gpc-s10-m3	A-C-DNA
4	gpa_ssDNA_30nt_seed5_model_0	334	0.582	513	5.416	gpa_ssDNA_30nt_gpc_vs_gpa_ssDNA_30nt_seed5_model_0.csv	gpa_ssDNA_30nt_gpc_vs_gpa_ssDNA_30nt_seed5_model_0	gpa_ssDNA_30nt_gpc	10	gpa	30nt	30	ssDNA	gpc	+ C	A	A-ssDNA-gpc	A-ssDNA-gpc-s10-m4	A-C-DNA
0	gpa_ssDNA_30nt_seed5_model_0	374	0.672	513	3.72	gpa_ssDNA_30nt_gpc_vs_gpa_ssDNA_30nt_seed5_model_0.csv	gpa_ssDNA_30nt_gpc_vs_gpa_ssDNA_30nt_seed5_model_0	gpa_ssDNA_30nt_gpc	2	gpa	30nt	30	ssDNA	gpc	+ C	A	A-ssDNA-gpc	A-ssDNA-gpc-s2-m0	A-C-DNA
1	gpa_ssDNA_30nt_seed5_model_0	372	0.8	513	5.968	gpa_ssDNA_30nt_gpc_vs_gpa_ssDNA_30nt_seed5_model_0.csv	gpa_ssDNA_30nt_gpc_vs_gpa_ssDNA_30nt_seed5_model_0	gpa_ssDNA_30nt_gpc	2	gpa	30nt	30	ssDNA	gpc	+ C	A	A-ssDNA-gpc	A-ssDNA-gpc-s2-m1	A-C-DNA
2	gpa_ssDNA_30nt_seed5_model_0	399	0.74	513	5.655	gpa_ssDNA_30nt_gpc_vs_gpa_ssDNA_30nt_seed5_model_0.csv	gpa_ssDNA_30nt_gpc_vs_gpa_ssDNA_30nt_seed5_model_0	gpa_ssDNA_30nt_gpc	2	gpa	30nt	30	ssDNA	gpc	+ C	A	A-ssDNA-gpc	A-ssDNA-gpc-s2-m2	A-C-DNA
3	gpa_ssDNA_30nt_seed5_model_0	383	0.737	513	5.562	gpa_ssDNA_30nt_gpc_vs_gpa_ssDNA_30nt_seed5_model_0.csv	gpa_ssDNA_30nt_gpc_vs_gpa_ssDNA_30nt_seed5_model_0	gpa_ssDNA_30nt_gpc	2	gpa	30nt	30	ssDNA	gpc	+ C	A	A-ssDNA-gpc	A-ssDNA-gpc-s2-m3	A-C-DNA
4	gpa_ssDNA_30nt_seed5_model_0	374	0.701	513	4.62	gpa_ssDNA_30nt_gpc_vs_gpa_ssDNA_30nt_seed5_model_0.csv	gpa_ssDNA_30nt_gpc_vs_gpa_ssDNA_30nt_seed5_model_0	gpa_ssDNA_30nt_gpc	2	gpa	30nt	30	ssDNA	gpc	+ C	A	A-ssDNA-gpc	A-ssDNA-gpc-s2-m4	A-C-DNA
0	gpa_ssDNA_30nt_seed5_model_0	422	0.766	513	3.777	gpa_ssDNA_30nt_gpc_vs_gpa_ssDNA_30nt_seed5_model_0.csv	gpa_ssDNA_30nt_gpc_vs_gpa_ssDNA_30nt_seed5_model_0	gpa_ssDNA_30nt_gpc	3	gpa	30nt	30	ssDNA	gpc	+ C	A	A-ssDNA-gpc	A-ssDNA-gpc-s3-m0	A-C-DNA
1	gpa_ssDNA_30nt_seed5_model_0	448	0.929	513	3.202	gpa_ssDNA_30nt_gpc_vs_gpa_ssDNA_30nt_seed5_model_0.csv	gpa_ssDNA_30nt_gpc_vs_gpa_ssDNA_30nt_seed5_model_0	gpa_ssDNA_30nt_gpc	3	gpa	30nt	30	ssDNA	gpc	+ C	A	A-ssDNA-gpc	A-ssDNA-gpc-s3-m1	A-C-DNA
2	gpa_ssDNA_30nt_seed5_model_0	446	0.857	513	3.397	gpa_ssDNA_30nt_gpc_vs_gpa_ssDNA_30nt_seed5_model_0.csv	gpa_ssDNA_30nt_gpc_vs_gpa_ssDNA_30nt_seed5_model_0	gpa_ssDNA_30nt_gpc	3	gpa	30nt	30	ssDNA	gpc	+ C	A	A-ssDNA-gpc	A-ssDNA-gpc-s3-m2	A-C-DNA
3	gpa_ssDNA_30nt_seed5_model_0	465	0.793	513	3.037	gpa_ssDNA_30nt_gpc_vs_gpa_ssDNA_30nt_seed5_model_0.csv	gpa_ssDNA_30nt_gpc_vs_gpa_ssDNA_30nt_seed5_model_0	gpa_ssDNA_30nt_gpc	3	gpa	30nt	30	ssDNA	gpc	+ C	A	A-ssDNA-gpc	A-ssDNA-gpc-s3-m3	A-C-DNA
4	gpa_ssDNA_30nt_seed5_model_0	423	0.937	513	5.301	gpa_ssDNA_30nt_gpc_vs_gpa_ssDNA_30nt_seed5_model_0.csv	gpa_ssDNA_30nt_gpc_vs_gpa_ssDNA_30nt_seed5_model_0	gpa_ssDNA_30nt_gpc	3	gpa	30nt	30	ssDNA	gpc	+ C	A	A-ssDNA-gpc	A-ssDNA-gpc-s3-m4	A-C-DNA
0	gpa_ssDNA_30nt_seed5_model_0	372	1.086	513	4.158	gpa_ssDNA_30nt_gpc_vs_gpa_ssDNA_30nt_seed5_model_0.csv	gpa_ssDNA_30nt_gpc_vs_gpa_ssDNA_30nt_seed5_model_0	gpa_ssDNA_30nt_gpc	4	gpa	30nt	30	ssDNA	gpc	+ C	A	A-ssDNA-gpc	A-ssDNA-gpc-s4-m0	A-C-DNA
1	gpa_ssDNA_30nt_seed5_model_0	440	0.825	513	5.588	gpa_ssDNA_30nt_gpc_vs_gpa_ssDNA_30nt_seed5_model_0.csv	gpa_ssDNA_30nt_gpc_vs_gpa_ssDNA_30nt_seed5_model_0	gpa_ssDNA_30nt_gpc	4	gpa	30nt	30	ssDNA	gpc	+ C	A	A-ssDNA-gpc	A-ssDNA-gpc-s4-m1	A-C-DNA
2	gpa_ssDNA_30nt_seed5_model_0	374	0.816	513	3.857	gpa_ssDNA_30nt_gpc_vs_gpa_ssDNA_30nt_seed5_model_0.csv	gpa_ssDNA_30nt_gpc_vs_gpa_ssDNA_30nt_seed5_model_0	gpa_ssDNA_30nt_gpc	4	gpa	30nt	30	ssDNA	gpc	+ C	A	A-ssDNA-gpc	A-ssDNA-gpc-s4-m2	A-C-DNA
3	gpa_ssDNA_30nt_seed5_model_0	434	0.971	513	4.944	gpa_ssDNA_30nt_gpc_vs_gpa_ssDNA_30nt_seed5_model_0.csv	gpa_ssDNA_30nt_gpc_vs_gpa_ssDNA_30nt_seed5_model_0	gpa_ssDNA_30nt_gpc	4	gpa	30nt	30	ssDNA	gpc	+ C	A	A-ssDNA-gpc	A-ssDNA-gpc-s4-m3	A-C-DNA
4	gpa_ssDNA_30nt_seed5_model_0	406	1.034	513	3.775	gpa_ssDNA_30nt_gpc_vs_gpa_ssDNA_30nt_seed5_model_0.csv	gpa_ssDNA_30nt_gpc_vs_gpa_ssDNA_30nt_seed5_model_0	gpa_ssDNA_30nt_gpc	4	gpa	30nt	30	ssDNA	gpc	+ C	A	A-ssDNA-gpc	A-ssDNA-gpc-s4-m4	A-C-DNA
0	gpa_ssDNA_30nt_seed5_model_0	367	0.736	513	4.526	gpa_ssDNA_30nt_gpc_vs_gpa_ssDNA_30nt_seed5_model_0.csv	gpa_ssDNA_30nt_gpc_vs_gpa_ssDNA_30nt_seed5_model_0	gpa_ssDNA_30nt_gpc	5	gpa	30nt	30	ssDNA	gpc	+ C	A	A-ssDNA-gpc	A-ssDNA-gpc-s5-m0	A-C-DNA
1	gpa_ssDNA_30nt_seed5_model_0	416	0.878	513	3.403	gpa_ssDNA_30nt_gpc_vs_gpa_ssDNA_30nt_seed5_model_0.csv	gpa_ssDNA_30nt_gpc_vs_gpa_ssDNA_30nt_seed5_model_0	gpa_ssDNA_30nt_gpc	5	gpa	30nt	30	ssDNA	gpc	+ C	A	A-ssDNA-gpc	A-ssDNA-gpc-s5-m1	A-C-DNA
2	gpa_ssDNA_30nt_seed5_model_0	335	0.71	513	5.462	gpa_ssDNA_30nt_gpc_vs_gpa_ssDNA_30nt_seed5_model_0.csv	gpa_ssDNA_30nt_gpc_vs_gpa_ssDNA_30nt_seed5_model_0	gpa_ssDNA_30nt_gpc	5	gpa	30nt	30	ssDNA	gpc	+ C	A	A-ssDNA-gpc	A-ssDNA-gpc-s5-m2	A-C-DNA
3	gpa_ssDNA_30nt_seed5_model_0	342	0.646	513	5.276	gpa_ssDNA_30nt_gpc_vs_gpa_ssDNA_30nt_seed5_model_0.csv	gpa_ssDNA_30nt_gpc_vs_gpa_ssDNA_30nt_seed5_model_0	gpa_ssDNA_30nt_gpc	5	gpa	30nt	30	ssDNA	gpc	+ C	A	A-ssDNA-gpc	A-ssDNA-gpc-s5-m3	A-C-DNA
4	gpa_ssDNA_30nt_seed5_model_0	362	0.78	513	3.947	gpa_ssDNA_30nt_gpc_vs_gpa_ssDNA_30nt_seed5_model_0.csv	gpa_ssDNA_30nt_gpc_vs_gpa_ssDNA_30nt_seed5_model_0	gpa_ssDNA_30nt_gpc	5	gpa	30nt	30	ssDNA	gpc	+ C	A	A-ssDNA-gpc	A-ssDNA-gpc-s5-m4	A-C-DNA
0	gpa_ssDNA_30nt_seed5_model_0	433	0.858	513	4.617	gpa_ssDNA_30nt_gpc_vs_gpa_ssDNA_30nt_seed5_model_0.csv	gpa_ssDNA_30nt_gpc_vs_gpa_ssDNA_30nt_seed5_model_0	gpa_ssDNA_30nt_gpc	6	gpa	30nt	30	ssDNA	gpc	+ C	A	A-ssDNA-gpc	A-ssDNA-gpc-s6-m0	A-C-DNA
1	gpa_ssDNA_30nt_seed5_model_0	468	0.801	513	4.428	gpa_ssDNA_30nt_gpc_vs_gpa_ssDNA_30nt_seed5_model_0.csv	gpa_ssDNA_30nt_gpc_vs_gpa_ssDNA_30nt_seed5_model_0	gpa_ssDNA_30nt_gpc	6	gpa	30nt	30	ssDNA	gpc	+ C	A	A-ssDNA-gpc	A-ssDNA-gpc-s6-m1	A-C-DNA
2	gpa_ssDNA_30nt_seed5_model_0	421	0.88	513	4.93	gpa_ssDNA_30nt_gpc_vs_gpa_ssDNA_30nt_seed5_model_0.csv	gpa_ssDNA_30nt_gpc_vs_gpa_ssDNA_30nt_seed5_model_0	gpa_ssDNA_30nt_gpc	6	gpa	30nt	30	ssDNA	gpc	+ C	A	A-ssDNA-gpc	A-ssDNA-gpc-s6-m2	A-C-DNA
3	gpa_ssDNA_30nt_seed5_model_0	426	1.017	513	3.374	gpa_ssDNA_30nt_gpc_vs_gpa_ssDNA_30nt_seed5_model_0.csv	gpa_ssDNA_30nt_gpc_vs_gpa_ssDNA_30nt_seed5_model_0	gpa_ssDNA_30nt_gpc	6	gpa	30nt	30	ssDNA	gpc	+ C	A	A-ssDNA-gpc	A-ssDNA-gpc-s6-m3	A-C-DNA
4	gpa_ssDNA_30nt_seed5_model_0	411	0.873	513	5.027	gpa_ssDNA_30nt_gpc_vs_gpa_ssDNA_30nt_seed5_model_0.csv	gpa_ssDNA_30nt_gpc_vs_gpa_ssDNA_30nt_seed5_model_0	gpa_ssDNA_30nt_gpc	6	gpa	30nt	30	ssDNA	gpc	+ C	A	A-ssDNA-gpc	A-ssDNA-gpc-s6-m4	A-C-DNA
0	gpa_ssDNA_30nt_seed5_model_0	380	0.765	513	5.889	gpa_ssDNA_30nt_gpc_vs_gpa_ssDNA_30nt_seed5_model_0.csv	gpa_ssDNA_30nt_gpc_vs_gpa_ssDNA_30nt_seed5_model_0	gpa_ssDNA_30nt_gpc	7	gpa	30nt	30	ssDNA	gpc	+ C	A	A-ssDNA-gpc	A-ssDNA-gpc-s7-m0	A-C-DNA
1	gpa_ssDNA_30nt_seed5_model_0	366	0.643	513	5.461	gpa_ssDNA_30nt_gpc_vs_gpa_ssDNA_30nt_seed5_model_0.csv	gpa_ssDNA_30nt_gpc_vs_gpa_ssDNA_30nt_seed5_model_0	gpa_ssDNA_30nt_gpc	7	gpa	30nt	30	ssDNA	gpc	+ C	A	A-ssDNA-gpc	A-ssDNA-gpc-s7-m1	A-C-DNA
2	gpa_ssDNA_30nt_seed5_model_0	362	0.632	513	6.088	gpa_ssDNA_30nt_gpc_vs_gpa_ssDNA_30nt_seed5_model_0.csv	gpa_ssDNA_30nt_gpc_vs_gpa_ssDNA_30nt_seed5_model_0	gpa_ssDNA_30nt_gpc	7	gpa	30nt	30	ssDNA	gpc	+ C	A	A-ssDNA-gpc	A-ssDNA-gpc-s7-m2	A-C-DNA
3	gpa_ssDNA_30nt_seed5_model_0	318	0.598	513	5.041	gpa_ssDNA_30nt_gpc_vs_gpa_ssDNA_30nt_seed5_model_0.csv	gpa_ssDNA_30nt_gpc_vs_gpa_ssDNA_30nt_seed5_model_0	gpa_ssDNA_30nt_gpc	7	gpa	30nt	30	ssDNA	gpc	+ C	A	A-ssDNA-gpc	A-ssDNA-gpc-s7-m3	A-C-DNA
4	gpa_ssDNA_30nt_seed5_model_0	392	0.841	513	4.965	gpa_ssDNA_30nt_gpc_vs_gpa_ssDNA_30nt_seed5_model_0.csv	gpa_ssDNA_30nt_gpc_vs_gpa_ssDNA_30nt_seed5_model_0	gpa_ssDNA_30nt_gpc	7	gpa	30nt	30	ssDNA	gpc	+ C	A	A-ssDNA-gpc	A-ssDNA-gpc-s7-m4	A-C-DNA
0	gpa_ssDNA_30nt_seed5_model_0	471	0.83	513	3.327	gpa_ssDNA_30nt_gpc_vs_gpa_ssDNA_30nt_seed5_model_0.csv	gpa_ssDNA_30nt_gpc_vs_gpa_ssDNA_30nt_seed5_model_0	gpa_ssDNA_30nt_gpc	8	gpa	30nt	30	ssDNA	gpc	+ C	A	A-ssDNA-gpc	A-ssDNA-gpc-s8-m0	A-C-DNA
1	gpa_ssDNA_30nt_seed5_model_0	453	0.964	513	3.266	gpa_ssDNA_30nt_gpc_vs_gpa_ssDNA_30nt_seed5_model_0.csv	gpa_ssDNA_30nt_gpc_vs_gpa_ssDNA_30nt_seed5_model_0	gpa_ssDNA_30nt_gpc	8	gpa	30nt	30	ssDNA	gpc	+ C	A	A-ssDNA-gpc	A-ssDNA-gpc-s8-m1	A-C-DNA
2	gpa_ssDNA_30nt_seed5_model_0	436	0.961	513	3.385	gpa_ssDNA_30nt_gpc_vs_gpa_ssDNA_30nt_seed5_model_0.csv	gpa_ssDNA_30nt_gpc_vs_gpa_ssDNA_30nt_seed5_model_0	gpa_ssDNA_30nt_gpc	8	gpa	30nt	30	ssDNA	gpc	+ C	A	A-ssDNA-gpc	A-ssDNA-gpc-s8-m2	A-C-DNA
3	gpa_ssDNA_30nt_seed5_model_0	465	1.009	513	3.214	gpa_ssDNA_30nt_gpc_vs_gpa_ssDNA_30nt_seed5_model_0.csv	gpa_ssDNA_30nt_gpc_vs_gpa_ssDNA_30nt_seed5_model_0	gpa_ssDNA_30nt_gpc	8	gpa	30nt	30	ssDNA	gpc	+ C	A	A-ssDNA-gpc	A-ssDNA-gpc-s8-m3	A-C-DNA
4	gpa_ssDNA_30nt_seed5_model_0	456	0.752	513	5.556	gpa_ssDNA_30nt_gpc_vs_gpa_ssDNA_30nt_seed5_model_0.csv	gpa_ssDNA_30nt_gpc_vs_gpa_ssDNA_30nt_seed5_model_0	gpa_ssDNA_30nt_gpc	8	gpa	30nt	30	ssDNA	gpc	+ C	A	A-ssDNA-gpc	A-ssDNA-gpc-s8-m4	A-C-DNA
0	gpa_ssDNA_30nt_seed5_model_0	436	0.923	513	3.049	gpa_ssDNA_30nt_gpc_vs_gpa_ssDNA_30nt_seed5_model_0.csv	gpa_ssDNA_30nt_gpc_vs_gpa_ssDNA_30nt_seed5_model_0	gpa_ssDNA_30nt_gpc	9	gpa	30nt	30	ssDNA	gpc	+ C	A	A-ssDNA-gpc	A-ssDNA-gpc-s9-m0	A-C-DNA
1	gpa_ssDNA_30nt_seed5_model_0	450	0.83	513	2.237	gpa_ssDNA_30nt_gpc_vs_gpa_ssDNA_30nt_seed5_model_0.csv	gpa_ssDNA_30nt_gpc_vs_gpa_ssDNA_30nt_seed5_model_0	gpa_ssDNA_30nt_gpc	9	gpa	30nt	30	ssDNA	gpc	+ C	A	A-ssDNA-gpc	A-ssDNA-gpc-s9-m1	A-C-DNA
2	gpa_ssDNA_30nt_seed5_model_0	468	0.718	513	2.951	gpa_ssDNA_30nt_gpc_vs_gpa_ssDNA_30nt_seed5_model_0.csv	gpa_ssDNA_30nt_gpc_vs_gpa_ssDNA_30nt_seed5_model_0	gpa_ssDNA_30nt_gpc	9	gpa	30nt	30	ssDNA	gpc	+ C	A	A-ssDNA-gpc	A-ssDNA-gpc-s9-m2	A-C-DNA
3	gpa_ssDNA_30nt_seed5_model_0	441	0.915	513	3.183	gpa_ssDNA_30nt_gpc_vs_gpa_ssDNA_30nt_seed5_model_0.csv	gpa_ssDNA_30nt_gpc_vs_gpa_ssDNA_30nt_seed5_model_0	gpa_ssDNA_30nt_gpc	9	gpa	30nt	30	ssDNA	gpc	+ C	A	A-ssDNA-gpc	A-ssDNA-gpc-s9-m3	A-C-DNA
4	gpa_ssDNA_30nt_seed5_model_0	435	0.877	513	2.542	gpa_ssDNA_30nt_gpc_vs_gpa_ssDNA_30nt_seed5_model_0.csv	gpa_ssDNA_30nt_gpc_vs_gpa_ssDNA_30nt_seed5_model_0	gpa_ssDNA_30nt_gpc	9	gpa	30nt	30	ssDNA	gpc	+ C	A	A-ssDNA-gpc	A-ssDNA-gpc-s9-m4	A-C-DNA
0	gpa_ssDNA_30nt_seed5_model_0	449	0.842	513	5.982	gpa_ssDNA_30nt_vs_gpa_ssDNA_30nt_seed5_model_0.csv	gpa_ssDNA_30nt_vs_gpa_ssDNA_30nt_seed5_model_0	gpa_ssDNA_30nt	1	gpa	30nt	30	ssDNA	NA	DNA-only	A	A-ssDNA	A-ssDNA-s1-m0	A-ssDNA
1	gpa_ssDNA_30nt_seed5_model_0	433	0.855	513	6.209	gpa_ssDNA_30nt_vs_gpa_ssDNA_30nt_seed5_model_0.csv	gpa_ssDNA_30nt_vs_gpa_ssDNA_30nt_seed5_model_0	gpa_ssDNA_30nt	1	gpa	30nt	30	ssDNA	NA	DNA-only	A	A-ssDNA	A-ssDNA-s1-m1	A-ssDNA
2	gpa_ssDNA_30nt_seed5_model_0	450	0.839	513	5.533	gpa_ssDNA_30nt_vs_gpa_ssDNA_30nt_seed5_model_0.csv	gpa_ssDNA_30nt_vs_gpa_ssDNA_30nt_seed5_model_0	gpa_ssDNA_30nt	1	gpa	30nt	30	ssDNA	NA	DNA-only	A	A-ssDNA	A-ssDNA-s1-m2	A-ssDNA
3	gpa_ssDNA_30nt_seed5_model_0	436	0.789	513	4.103	gpa_ssDNA_30nt_vs_gpa_ssDNA_30nt_seed5_model_0.csv	gpa_ssDNA_30nt_vs_gpa_ssDNA_30nt_seed5_model_0	gpa_ssDNA_30nt	1	gpa	30nt	30	ssDNA	NA	DNA-only	A	A-ssDNA	A-ssDNA-s1-m3	A-ssDNA
4	gpa_ssDNA_30nt_seed5_model_0	452	0.623	513	5.692	gpa_ssDNA_30nt_vs_gpa_ssDNA_30nt_seed5_model_0.csv	gpa_ssDNA_30nt_vs_gpa_ssDNA_30nt_seed5_model_0	gpa_ssDNA_30nt	1	gpa	30nt	30	ssDNA	NA	DNA-only	A	A-ssDNA	A-ssDNA-s1-m4	A-ssDNA
0	gpa_ssDNA_30nt_seed5_model_0	456	0.86	513	5.397	gpa_ssDNA_30nt_vs_gpa_ssDNA_30nt_seed5_model_0.csv	gpa_ssDNA_30nt_vs_gpa_ssDNA_30nt_seed5_model_0	gpa_ssDNA_30nt	10	gpa	30nt	30	ssDNA	NA	DNA-only	A	A-ssDNA	A-ssDNA-s10-m0	A-ssDNA
1	gpa_ssDNA_30nt_seed5_model_0	439	0.769	513	5.039	gpa_ssDNA_30nt_vs_gpa_ssDNA_30nt_seed5_model_0.csv	gpa_ssDNA_30nt_vs_gpa_ssDNA_30nt_seed5_model_0	gpa_ssDNA_30nt	10	gpa	30nt	30	ssDNA	NA	DNA-only	A	A-ssDNA	A-ssDNA-s10-m1	A-ssDNA
2	gpa_ssDNA_30nt_seed5_model_0	429	0.919	513	4.949	gpa_ssDNA_30nt_vs_gpa_ssDNA_30nt_seed5_model_0.csv	gpa_ssDNA_30nt_vs_gpa_ssDNA_30nt_seed5_model_0	gpa_ssDNA_30nt	10	gpa	30nt	30	ssDNA	NA	DNA-only	A	A-ssDNA	A-ssDNA-s10-m2	A-ssDNA
3	gpa_ssDNA_30nt_seed5_model_0	411	0.893	513	5.431	gpa_ssDNA_30nt_vs_gpa_ssDNA_30nt_seed5_model_0.csv	gpa_ssDNA_30nt_vs_gpa_ssDNA_30nt_seed5_model_0	gpa_ssDNA_30nt	10	gpa	30nt	30	ssDNA	NA	DNA-only	A	A-ssDNA	A-ssDNA-s10-m3	A-ssDNA
4	gpa_ssDNA_30nt_seed5_model_0	420	0.883	513	5.893	gpa_ssDNA_30nt_vs_gpa_ssDNA_30nt_seed5_model_0.csv	gpa_ssDNA_30nt_vs_gpa_ssDNA_30nt_seed5_model_0	gpa_ssDNA_30nt	10	gpa	30nt	30	ssDNA	NA	DNA-only	A	A-ssDNA	A-ssDNA-s10-m4	A-ssDNA
0	gpa_ssDNA_30nt_seed5_model_0	444	0.78	513	5.944	gpa_ssDNA_30nt_vs_gpa_ssDNA_30nt_seed5_model_0.csv	gpa_ssDNA_30nt_vs_gpa_ssDNA_30nt_seed5_model_0	gpa_ssDNA_30nt	2	gpa	30nt	30	ssDNA	NA	DNA-only	A	A-ssDNA	A-ssDNA-s2-m0	A-ssDNA
1	gpa_ssDNA_30nt_seed5_model_0	419	0.936	513	5.99	gpa_ssDNA_30nt_vs_gpa_ssDNA_30nt_seed5_model_0.csv	gpa_ssDNA_30nt_vs_gpa_ssDNA_30nt_seed5_model_0	gpa_ssDNA_30nt	2	gpa	30nt	30	ssDNA	NA	DNA-only	A	A-ssDNA	A-ssDNA-s2-m1	A-ssDNA
2	gpa_ssDNA_30nt_seed5_model_0	436	0.926	513	5.799	gpa_ssDNA_30nt_vs_gpa_ssDNA_30nt_seed5_model_0.csv	gpa_ssDNA_30nt_vs_gpa_ssDNA_30nt_seed5_model_0	gpa_ssDNA_30nt	2	gpa	30nt	30	ssDNA	NA	DNA-only	A	A-ssDNA	A-ssDNA-s2-m2	A-ssDNA
3	gpa_ssDNA_30nt_seed5_model_0	415	0.986	513	5.815	gpa_ssDNA_30nt_vs_gpa_ssDNA_30nt_seed5_model_0.csv	gpa_ssDNA_30nt_vs_gpa_ssDNA_30nt_seed5_model_0	gpa_ssDNA_30nt	2	gpa	30nt	30	ssDNA	NA	DNA-only	A	A-ssDNA	A-ssDNA-s2-m3	A-ssDNA
4	gpa_ssDNA_30nt_seed5_model_0	408	0.895	513	6.42	gpa_ssDNA_30nt_vs_gpa_ssDNA_30nt_seed5_model_0.csv	gpa_ssDNA_30nt_vs_gpa_ssDNA_30nt_seed5_model_0	gpa_ssDNA_30nt	2	gpa	30nt	30	ssDNA	NA	DNA-only	A	A-ssDNA	A-ssDNA-s2-m4	A-ssDNA
0	gpa_ssDNA_30nt_seed5_model_0	454	0.855	513	5.248	gpa_ssDNA_30nt_vs_gpa_ssDNA_30nt_seed5_model_0.csv	gpa_ssDNA_30nt_vs_gpa_ssDNA_30nt_seed5_model_0	gpa_ssDNA_30nt	3	gpa	30nt	30	ssDNA	NA	DNA-only	A	A-ssDNA	A-ssDNA-s3-m0	A-ssDNA
1	gpa_ssDNA_30nt_seed5_model_0	457	0.885	513	5.749	gpa_ssDNA_30nt_vs_gpa_ssDNA_30nt_seed5_model_0.csv	gpa_ssDNA_30nt_vs_gpa_ssDNA_30nt_seed5_model_0	gpa_ssDNA_30nt	3	gpa	30nt	30	ssDNA	NA	DNA-only	A	A-ssDNA	A-ssDNA-s3-m1	A-ssDNA
2	gpa_ssDNA_30nt_seed5_model_0	460	0.586	513	3.271	gpa_ssDNA_30nt_vs_gpa_ssDNA_30nt_seed5_model_0.csv	gpa_ssDNA_30nt_vs_gpa_ssDNA_30nt_seed5_model_0	gpa_ssDNA_30nt	3	gpa	30nt	30	ssDNA	NA	DNA-only	A	A-ssDNA	A-ssDNA-s3-m2	A-ssDNA
3	gpa_ssDNA_30nt_seed5_model_0	424	0.844	513	3.665	gpa_ssDNA_30nt_vs_gpa_ssDNA_30nt_seed5_model_0.csv	gpa_ssDNA_30nt_vs_gpa_ssDNA_30nt_seed5_model_0	gpa_ssDNA_30nt	3	gpa	30nt	30	ssDNA	NA	DNA-only	A	A-ssDNA	A-ssDNA-s3-m3	A-ssDNA
4	gpa_ssDNA_30nt_seed5_model_0	428	0.731	513	5.581	gpa_ssDNA_30nt_vs_gpa_ssDNA_30nt_seed5_model_0.csv	gpa_ssDNA_30nt_vs_gpa_ssDNA_30nt_seed5_model_0	gpa_ssDNA_30nt	3	gpa	30nt	30	ssDNA	NA	DNA-only	A	A-ssDNA	A-ssDNA-s3-m4	A-ssDNA
0	gpa_ssDNA_30nt_seed5_model_0	446	0.936	513	5.354	gpa_ssDNA_30nt_vs_gpa_ssDNA_30nt_seed5_model_0.csv	gpa_ssDNA_30nt_vs_gpa_ssDNA_30nt_seed5_model_0	gpa_ssDNA_30nt	4	gpa	30nt	30	ssDNA	NA	DNA-only	A	A-ssDNA	A-ssDNA-s4-m0	A-ssDNA
1	gpa_ssDNA_30nt_seed5_model_0	384	1.056	513	5.096	gpa_ssDNA_30nt_vs_gpa_ssDNA_30nt_seed5_model_0.csv	gpa_ssDNA_30nt_vs_gpa_ssDNA_30nt_seed5_model_0	gpa_ssDNA_30nt	4	gpa	30nt	30	ssDNA	NA	DNA-only	A	A-ssDNA	A-ssDNA-s4-m1	A-ssDNA
2	gpa_ssDNA_30nt_seed5_model_0	445	0.831	513	5.112	gpa_ssDNA_30nt_vs_gpa_ssDNA_30nt_seed5_model_0.csv	gpa_ssDNA_30nt_vs_gpa_ssDNA_30nt_seed5_model_0	gpa_ssDNA_30nt	4	gpa	30nt	30	ssDNA	NA	DNA-only	A	A-ssDNA	A-ssDNA-s4-m2	A-ssDNA
3	gpa_ssDNA_30nt_seed5_model_0	444	0.79	513	5.717	gpa_ssDNA_30nt_vs_gpa_ssDNA_30nt_seed5_model_0.csv	gpa_ssDNA_30nt_vs_gpa_ssDNA_30nt_seed5_model_0	gpa_ssDNA_30nt	4	gpa	30nt	30	ssDNA	NA	DNA-only	A	A-ssDNA	A-ssDNA-s4-m3	A-ssDNA
4	gpa_ssDNA_30nt_seed5_model_0	441	0.919	513	2.96	gpa_ssDNA_30nt_vs_gpa_ssDNA_30nt_seed5_model_0.csv	gpa_ssDNA_30nt_vs_gpa_ssDNA_30nt_seed5_model_0	gpa_ssDNA_30nt	4	gpa	30nt	30	ssDNA	NA	DNA-only	A	A-ssDNA	A-ssDNA-s4-m4	A-ssDNA
1	gpa_ssDNA_30nt_seed5_model_0	396	0.817	513	5.308	gpa_ssDNA_30nt_vs_gpa_ssDNA_30nt_seed5_model_0.csv	gpa_ssDNA_30nt_vs_gpa_ssDNA_30nt_seed5_model_0	gpa_ssDNA_30nt	5	gpa	30nt	30	ssDNA	NA	DNA-only	A	A-ssDNA	A-ssDNA-s5-m1	A-ssDNA
2	gpa_ssDNA_30nt_seed5_model_0	456	0.899	513	4.743	gpa_ssDNA_30nt_vs_gpa_ssDNA_30nt_seed5_model_0.csv	gpa_ssDNA_30nt_vs_gpa_ssDNA_30nt_seed5_model_0	gpa_ssDNA_30nt	5	gpa	30nt	30	ssDNA	NA	DNA-only	A	A-ssDNA	A-ssDNA-s5-m2	A-ssDNA
3	gpa_ssDNA_30nt_seed5_model_0	469	0.76	513	3.253	gpa_ssDNA_30nt_vs_gpa_ssDNA_30nt_seed5_model_0.csv	gpa_ssDNA_30nt_vs_gpa_ssDNA_30nt_seed5_model_0	gpa_ssDNA_30nt	5	gpa	30nt	30	ssDNA	NA	DNA-only	A	A-ssDNA	A-ssDNA-s5-m3	A-ssDNA
4	gpa_ssDNA_30nt_seed5_model_0	448	1	513	5.013	gpa_ssDNA_30nt_vs_gpa_ssDNA_30nt_seed5_model_0.csv	gpa_ssDNA_30nt_vs_gpa_ssDNA_30nt_seed5_model_0	gpa_ssDNA_30nt	5	gpa	30nt	30	ssDNA	NA	DNA-only	A	A-ssDNA	A-ssDNA-s5-m4	A-ssDNA
0	gpa_ssDNA_30nt_seed5_model_0	454	0.573	513	5.142	gpa_ssDNA_30nt_vs_gpa_ssDNA_30nt_seed5_model_0.csv	gpa_ssDNA_30nt_vs_gpa_ssDNA_30nt_seed5_model_0	gpa_ssDNA_30nt	6	gpa	30nt	30	ssDNA	NA	DNA-only	A	A-ssDNA	A-ssDNA-s6-m0	A-ssDNA
1	gpa_ssDNA_30nt_seed5_model_0	455	0.664	513	3.428	gpa_ssDNA_30nt_vs_gpa_ssDNA_30nt_seed5_model_0.csv	gpa_ssDNA_30nt_vs_gpa_ssDNA_30nt_seed5_model_0	gpa_ssDNA_30nt	6	gpa	30nt	30	ssDNA	NA	DNA-only	A	A-ssDNA	A-ssDNA-s6-m1	A-ssDNA
2	gpa_ssDNA_30nt_seed5_model_0	424	0.884	513	5.617	gpa_ssDNA_30nt_vs_gpa_ssDNA_30nt_seed5_model_0.csv	gpa_ssDNA_30nt_vs_gpa_ssDNA_30nt_seed5_model_0	gpa_ssDNA_30nt	6	gpa	30nt	30	ssDNA	NA	DNA-only	A	A-ssDNA	A-ssDNA-s6-m2	A-ssDNA
3	gpa_ssDNA_30nt_seed5_model_0	450	0.723	513	5.455	gpa_ssDNA_30nt_vs_gpa_ssDNA_30nt_seed5_model_0.csv	gpa_ssDNA_30nt_vs_gpa_ssDNA_30nt_seed5_model_0	gpa_ssDNA_30nt	6	gpa	30nt	30	ssDNA	NA	DNA-only	A	A-ssDNA	A-ssDNA-s6-m3	A-ssDNA
4	gpa_ssDNA_30nt_seed5_model_0	450	0.731	513	3.922	gpa_ssDNA_30nt_vs_gpa_ssDNA_30nt_seed5_model_0.csv	gpa_ssDNA_30nt_vs_gpa_ssDNA_30nt_seed5_model_0	gpa_ssDNA_30nt	6	gpa	30nt	30	ssDNA	NA	DNA-only	A	A-ssDNA	A-ssDNA-s6-m4	A-ssDNA
0	gpa_ssDNA_30nt_seed5_model_0	452	0.766	513	5.286	gpa_ssDNA_30nt_vs_gpa_ssDNA_30nt_seed5_model_0.csv	gpa_ssDNA_30nt_vs_gpa_ssDNA_30nt_seed5_model_0	gpa_ssDNA_30nt	7	gpa	30nt	30	ssDNA	NA	DNA-only	A	A-ssDNA	A-ssDNA-s7-m0	A-ssDNA
1	gpa_ssDNA_30nt_seed5_model_0	435	0.831	513	5.514	gpa_ssDNA_30nt_vs_gpa_ssDNA_30nt_seed5_model_0.csv	gpa_ssDNA_30nt_vs_gpa_ssDNA_30nt_seed5_model_0	gpa_ssDNA_30nt	7	gpa	30nt	30	ssDNA	NA	DNA-only	A	A-ssDNA	A-ssDNA-s7-m1	A-ssDNA
2	gpa_ssDNA_30nt_seed5_model_0	454	0.671	513	4.634	gpa_ssDNA_30nt_vs_gpa_ssDNA_30nt_seed5_model_0.csv	gpa_ssDNA_30nt_vs_gpa_ssDNA_30nt_seed5_model_0	gpa_ssDNA_30nt	7	gpa	30nt	30	ssDNA	NA	DNA-only	A	A-ssDNA	A-ssDNA-s7-m2	A-ssDNA
3	gpa_ssDNA_30nt_seed5_model_0	359	0.772	513	5.808	gpa_ssDNA_30nt_vs_gpa_ssDNA_30nt_seed5_model_0.csv	gpa_ssDNA_30nt_vs_gpa_ssDNA_30nt_seed5_model_0	gpa_ssDNA_30nt	7	gpa	30nt	30	ssDNA	NA	DNA-only	A	A-ssDNA	A-ssDNA-s7-m3	A-ssDNA
4	gpa_ssDNA_30nt_seed5_model_0	449	0.806	513	4.244	gpa_ssDNA_30nt_vs_gpa_ssDNA_30nt_seed5_model_0.csv	gpa_ssDNA_30nt_vs_gpa_ssDNA_30nt_seed5_model_0	gpa_ssDNA_30nt	7	gpa	30nt	30	ssDNA	NA	DNA-only	A	A-ssDNA	A-ssDNA-s7-m4	A-ssDNA
0	gpa_ssDNA_30nt_seed5_model_0	424	0.921	513	4.188	gpa_ssDNA_30nt_vs_gpa_ssDNA_30nt_seed5_model_0.csv	gpa_ssDNA_30nt_vs_gpa_ssDNA_30nt_seed5_model_0	gpa_ssDNA_30nt	8	gpa	30nt	30	ssDNA	NA	DNA-only	A	A-ssDNA	A-ssDNA-s8-m0	A-ssDNA
1	gpa_ssDNA_30nt_seed5_model_0	448	0.769	513	5.202	gpa_ssDNA_30nt_vs_gpa_ssDNA_30nt_seed5_model_0.csv	gpa_ssDNA_30nt_vs_gpa_ssDNA_30nt_seed5_model_0	gpa_ssDNA_30nt	8	gpa	30nt	30	ssDNA	NA	DNA-only	A	A-ssDNA	A-ssDNA-s8-m1	A-ssDNA
2	gpa_ssDNA_30nt_seed5_model_0	418	0.896	513	4.285	gpa_ssDNA_30nt_vs_gpa_ssDNA_30nt_seed5_model_0.csv	gpa_ssDNA_30nt_vs_gpa_ssDNA_30nt_seed5_model_0	gpa_ssDNA_30nt	8	gpa	30nt	30	ssDNA	NA	DNA-only	A	A-ssDNA	A-ssDNA-s8-m2	A-ssDNA
3	gpa_ssDNA_30nt_seed5_model_0	458	0.882	513	2.607	gpa_ssDNA_30nt_vs_gpa_ssDNA_30nt_seed5_model_0.csv	gpa_ssDNA_30nt_vs_gpa_ssDNA_30nt_seed5_model_0	gpa_ssDNA_30nt	8	gpa	30nt	30	ssDNA	NA	DNA-only	A	A-ssDNA	A-ssDNA-s8-m3	A-ssDNA
4	gpa_ssDNA_30nt_seed5_model_0	418	0.816	513	4.714	gpa_ssDNA_30nt_vs_gpa_ssDNA_30nt_seed5_model_0.csv	gpa_ssDNA_30nt_vs_gpa_ssDNA_30nt_seed5_model_0	gpa_ssDNA_30nt	8	gpa	30nt	30	ssDNA	NA	DNA-only	A	A-ssDNA	A-ssDNA-s8-m4	A-ssDNA
0	gpa_ssDNA_30nt_seed5_model_0	412	0.933	513	5.759	gpa_ssDNA_30nt_vs_gpa_ssDNA_30nt_seed5_model_0.csv	gpa_ssDNA_30nt_vs_gpa_ssDNA_30nt_seed5_model_0	gpa_ssDNA_30nt	9	gpa	30nt	30	ssDNA	NA	DNA-only	A	A-ssDNA	A-ssDNA-s9-m0	A-ssDNA
1	gpa_ssDNA_30nt_seed5_model_0	451	0.587	513	5.077	gpa_ssDNA_30nt_vs_gpa_ssDNA_30nt_seed5_model_0.csv	gpa_ssDNA_30nt_vs_gpa_ssDNA_30nt_seed5_model_0	gpa_ssDNA_30nt	9	gpa	30nt	30	ssDNA	NA	DNA-only	A	A-ssDNA	A-ssDNA-s9-m1	A-ssDNA
2	gpa_ssDNA_30nt_seed5_model_0	421	0.743	513	3.344	gpa_ssDNA_30nt_vs_gpa_ssDNA_30nt_seed5_model_0.csv	gpa_ssDNA_30nt_vs_gpa_ssDNA_30nt_seed5_model_0	gpa_ssDNA_30nt	9	gpa	30nt	30	ssDNA	NA	DNA-only	A	A-ssDNA	A-ssDNA-s9-m2	A-ssDNA
3	gpa_ssDNA_30nt_seed5_model_0	454	0.923	513	3.36	gpa_ssDNA_30nt_vs_gpa_ssDNA_30nt_seed5_model_0.csv	gpa_ssDNA_30nt_vs_gpa_ssDNA_30nt_seed5_model_0	gpa_ssDNA_30nt	9	gpa	30nt	30	ssDNA	NA	DNA-only	A	A-ssDNA	A-ssDNA-s9-m3	A-ssDNA
4	gpa_ssDNA_30nt_seed5_model_0	413	0.945	513	5.183	gpa_ssDNA_30nt_vs_gpa_ssDNA_30nt_seed5_model_0.csv	gpa_ssDNA_30nt_vs_gpa_ssDNA_30nt_seed5_model_0	gpa_ssDNA_30nt	9	gpa	30nt	30	ssDNA	NA	DNA-only	A	A-ssDNA	A-ssDNA-s9-m4	A-ssDNA
